Workbook

Sheet Key
A1: carrier | B1: aflac | C1: aflac-modified | D1: SBLI | E1: SBLI-Modified | F1: CICA | G1: CICA-GI | H1: gtl | I1: TransAmerica | J1: TransAmerica Graded | K1: Corebridge | L1: amam | M1: amam-graded | N1: amam-return-or-premium | O1: AHL | P1: AHL-Graded | Q1: Royal Neighbors | R1: Royal Neighbors-Graded | S1: Gerber-GI | T1: Mutal of Omaha | U1: Mutual of Omaha-Graded
A2: fee | B2: 48 | C2: 48 | D2: 48 | E2: 48 | F2: 0 | G2: 0 | H2: 48 | I2: 48 | J2: 48 | K2: 24 | L2: 30 | M2: 30 | N2: 30 | O2: 120 | P2: 120 | Q2: 30 | R2: 30 | S2: 11 | T2: 36 | U2: 12
A3: monthly_factor | B3: 0.0875 | C3: 0.0875 | D3: 0.087 | E3: 0.087 | F3: 0 | G3: 0 | H3: 0.08333 | I3: 0.0875 | J3: 0.0875 | K3: 0.0834 | L3: 0.088 | M3: 0.088 | N3: 0.088 | O3: 0.0875 | P3: 0.0875 | Q3: 0.087 | R3: 0.087 | S3: 0.083334 | T3: 0.089 | U3: 0.089
B7: 73 Male Non-Smoker | C7: Monthly Premium
B8: sbli | C8: 59.830292
B9: sbli-mod | C9: 84.876583
B10: aflac | C10: 48.029333
B11: aflace mod | C11: 67.543462
B12: cica | C12: 70.550829
B13: cica gi | C13: 102.27311
B14: trans | C14: 57.152656
B15: trans mod | C15: 66.112246
B16: gtl | C16: 72.94422
B17: corebridge | C17: 74.04
B18: amam | C18: 50.048
B19: amam-grad | C19: 68.090667
... B27: Mutual of Omaha-Graded | C27: 49.05945

Sheet calculations
A1: First Name | B1: Last Name | C1: Phone Number | D1: Age | E1: Dob | F1: Gender | G1: Mailing Address | H1: Birth State: | I1: Height | J1: Weight | K1: Yes | L1: Email | M1: Burial/cremation | N1: Primary beneficiary name | O1: Relation | P1: Secondary beneficiary name | Q1: Relation | R1: Carrier | S1: Coverage | T1: Monthly Premium | U1: 1st premium date | V1: Monthly recurring due date | W1: SSN | X1: Diver's Lisance | Y1: Bank name | Z1: Routing | AA1: Acc | AB1: Health | AC1: Medications | AD1: Doctor name | AE1: Age | AF1: aflac Monthly Quote | AG1: aflac-modified Monthly Quote | AH1: SBLI Monthly Quote | AI1: SBLI-Modified Monthly Quote | AJ1: CICA Monthly Quote | AK1: CICA-GI Monthly Quote | AL1: gtl Monthly Quote | AM1: TransAmerica Monthly Quote | AN1: TransAmerica Graded Monthly Quote | AO1: Corebridge Monthly Quote | AP1: amam Monthly Quote | AQ1: amam-graded Monthly Quote | AR1: amam-return-or-premium Monthly Quote | AS1: AHL Monthly Quote | AT1: AHL-Graded Monthly Quote | AU1: Royal Neighbors Monthly Quote | AV1: Royal Neighbors-Graded Monthly Quote | AW1: Gerber-GI Monthly Quote | AX1: Mutual of Omaha Monthly Quote | AY1: Mutual of Omaha-Graded Monthly Quote | AZ1: AmAm Quote | BA1: AmAm Less Than Current | BB1: GTL Quote | BC1: GTL Less Than Current | BD1: Cheapest Carrier Under Current | BE1: Savings vs Current
A2: Nancy | B2: Franzwa | C2: 3096456388 | D2: 81 | E2: 15297 | F2: Female | G2: 7501-N Villa Lake Dr.Unit 13B Peoria IL 61614 | H2: IN | I2: 5.6 | J2: 145 | K2: No | L2: NA | M2: Cremation | N2: Robert Franzwa ( 12/29/1938 ) | O2: Spouse | P2: NA | Q2: NA | R2: Transamerica ( Standard ) | S2: 2500 | T2: 48.64 | U2: 45933 | V2: 45964 | W2: 315423988 | X2: NA | Y2: SEFCU Bank | Z2: 271183701 | AA2: 104569736 | AB2: Stroke 2023 / High Blood Pressure | AC2: licinopril | AD2: OSF Healthcare Saint Francis | AE2: 84 | AF2: {=IFERROR(_xlfn.LET(_xlpm.rate,INDEX(aflac!$B$2:$E$37,MATCH($AE2,aflac!$A$2:$A$37,0),IF(LOWER(TRIM($F2))="male",IF(LOWER(TRIM($K2))="yes",2,1),IF(LOWER(TRIM($K2))="yes",4,3))),_xlpm.coverage,VALUE(SUBSTITUTE(SUBSTITUTE($S2,"$",""),",","")),_xlpm.base,_xlpm.rate*(_xlpm.coverage/1000),_xlpm.fee,_xlfn.XLOOKUP("aflac",Key!$B$1:$U$1,Key!$B$2:$U$2,0),_xlpm.mf,_xlfn.XLOOKUP("aflac",Key!$B$1:$U$1,Key!$B$3:$U$3,0),IF(_xlpm.mf>0,(_xlpm.base+_xlpm.fee)*_xlpm.mf,(_xlpm.base+_xlpm.fee)/12)),"")} | AG2: {=IFERROR(_xlfn.LET(_xlpm.rate,INDEX('aflac-modified'!$B$2:$C$32,MATCH($AE2,'aflac-modified'!$A$2:$A$32,0),IF(LOWER(TRIM($F2))="male",1,2)),_xlpm.coverage,VALUE(SUBSTITUTE(SUBSTITUTE($S2,"$",""),",","")),_xlpm.base,_xlpm.rate*(_xlpm.coverage/1000),_xlpm.fee,_xlfn.XLOOKUP("aflac-modified",Key!$B$1:$U$1,Key!$B$2:$U$2,0),_xlpm.mf,_xlfn.XLOOKUP("aflac-modified",Key!$B$1:$U$1,Key!$B$3:$U$3,0),IF(_xlpm.mf>0,(_xlpm.base+_xlpm.fee)*_xlpm.mf,(_xlpm.base+_xlpm.fee)/12)),"")} | AH2: {=IFERROR(_xlfn.LET(_xlpm.rate,INDEX(SBLI!$B$2:$E$37,MATCH($AE2,SBLI!$A$2:$A$37,0),IF(LOWER(TRIM($F2))="male",IF(LOWER(TRIM($K2))="yes",2,1),IF(LOWER(TRIM($K2))="yes",4,3))),_xlpm.coverage,VALUE(SUBSTITUTE(SUBSTITUTE($S2,"$",""),",","")),_xlpm.base,_xlpm.rate*(_xlpm.coverage/1000),_xlpm.fee,_xlfn.XLOOKUP("SBLI",Key!$B$1:$U$1,Key!$B$2:$U$2,0),_xlpm.mf,_xlfn.XLOOKUP("SBLI",Key!$B$1:$U$1,Key!$B$3:$U$3,0),IF(_xlpm.mf>0,(_xlpm.base+_xlpm.fee)*_xlpm.mf,(_xlpm.base+_xlpm.fee)/12)),"")} | AI2: {=IFERROR(_xlfn.LET(_xlpm.rate,INDEX('SBLI-Modified'!$B$2:$E$27,MATCH($AE2,'SBLI-Modified'!$A$2:$A$27,0),IF(LOWER(TRIM($F2))="male",IF(LOWER(TRIM($K2))="yes",2,1),IF(LOWER(TRIM($K2))="yes",4,3))),_xlpm.coverage,VALUE(SUBSTITUTE(SUBSTITUTE($S2,"$",""),",","")),_xlpm.base,_xlpm.rate*(_xlpm.coverage/1000),_xlpm.fee,_xlfn.XLOOKUP("SBLI-Modified",Key!$B$1:$U$1,Key!$B$2:$U$2,0),_xlpm.mf,_xlfn.XLOOKUP("SBLI-Modified",Key!$B$1:$U$1,Key!$B$3:$U$3,0),IF(_xlpm.mf>0,(_xlpm.base+_xlpm.fee)*_xlpm.mf,(_xlpm.base+_xlpm.fee)/12)),"")} | AJ2: {=IFERROR(_xlfn.LET(_xlpm.rate,INDEX(CICA!$B$2:$C$42,MATCH($AE2,CICA!$A$2:$A$42,0),IF(LOWER(TRIM($F2))="male",1,2)),_xlpm.coverage,VALUE(SUBSTITUTE(SUBSTITUTE($S2,"$",""),",","")),_xlpm.base,_xlpm.rate*(_xlpm.coverage/1000),_xlpm.fee,_xlfn.XLOOKUP("CICA",Key!$B$1:$U$1,Key!$B$2:$U$2,0),_xlpm.mf,_xlfn.XLOOKUP("CICA",Key!$B$1:$U$1,Key!$B$3:$U$3,0),IF(_xlpm.mf>0,(_xlpm.base+_xlpm.fee)*_xlpm.mf,(_xlpm.base+_xlpm.fee)/12)),"")} | AK2: {=IFERROR(_xlfn.LET(_xlpm.rate,INDEX('CICA-GI'!$B$2:$C$47,MATCH($AE2,'CICA-GI'!$A$2:$A$47,0),IF(LOWER(TRIM($F2))="male",1,2)),_xlpm.coverage,VALUE(SUBSTITUTE(SUBSTITUTE($S2,"$",""),",","")),_xlpm.base,_xlpm.rate*(_xlpm.coverage/1000),_xlpm.fee,_xlfn.XLOOKUP("CICA-GI",Key!$B$1:$U$1,Key!$B$2:$U$2,0),_xlpm.mf,_xlfn.XLOOKUP("CICA-GI",Key!$B$1:$U$1,Key!$B$3:$U$3,0),IF(_xlpm.mf>0,(_xlpm.base+_xlpm.fee)*_xlpm.mf,(_xlpm.base+_xlpm.fee)/12)),"")} | AL2: {=IFERROR(_xlfn.LET(_xlpm.rate,INDEX(gtl!$B$2:$C$52,MATCH($AE2,gtl!$A$2:$A$52,0),IF(LOWER(TRIM($F2))="male",1,2)),_xlpm.coverage,VALUE(SUBSTITUTE(SUBSTITUTE($S2,"$",""),",","")),_xlpm.base,_xlpm.rate*(_xlpm.coverage/1000),_xlpm.fee,_xlfn.XLOOKUP("gtl",Key!$B$1:$U$1,Key!$B$2:$U$2,0),_xlpm.mf,_xlfn.XLOOKUP("gtl",Key!$B$1:$U$1,Key!$B$3:$U$3,0),IF(_xlpm.mf>0,(_xlpm.base+_xlpm.fee)*_xlpm.mf,(_xlpm.base+_xlpm.fee)/12)),"")} | AM2: {=IFERROR(_xlfn.LET(_xlpm.rate,INDEX(TransAmerica!$B$2:$E$69,MATCH($AE2,TransAmerica!$A$2:$A$69,0),IF(LOWER(TRIM($F2))="male",IF(LOWER(TRIM($K2))="yes",2,1),IF(LOWER(TRIM($K2))="yes",4,3))),_xlpm.coverage,VALUE(SUBSTITUTE(SUBSTITUTE($S2,"$",""),",","")),_xlpm.base,_xlpm.rate*(_xlpm.coverage/1000),_xlpm.fee,_xlfn.XLOOKUP("TransAmerica",Key!$B$1:$U$1,Key!$B$2:$U$2,0),_xlpm.mf,_xlfn.XLOOKUP("TransAmerica",Key!$B$1:$U$1,Key!$B$3:$U$3,0),IF(_xlpm.mf>0,(_xlpm.base+_xlpm.fee)*_xlpm.mf,(_xlpm.base+_xlpm.fee)/12)),"")} | AN2: {=IFERROR(_xlfn.LET(_xlpm.rate,INDEX('TransAmerica Graded'!$B$2:$E$64,MATCH($AE2,'TransAmerica Graded'!$A$2:$A$64,0),IF(LOWER(TRIM($F2))="male",IF(LOWER(TRIM($K2))="yes",2,1),IF(LOWER(TRIM($K2))="yes",4,3))),_xlpm.coverage,VALUE(SUBSTITUTE(SUBSTITUTE($S2,"$",""),",","")),_xlpm.base,_xlpm.rate*(_xlpm.coverage/1000),_xlpm.fee,_xlfn.XLOOKUP("TransAmerica Graded",Key!$B$1:$U$1,Key!$B$2:$U$2,0),_xlpm.mf,_xlfn.XLOOKUP("TransAmerica Graded",Key!$B$1:$U$1,Key!$B$3:$U$3,0),IF(_xlpm.mf>0,(_xlpm.base+_xlpm.fee)*_xlpm.mf,(_xlpm.base+_xlpm.fee)/12)),"")} | AO2: {=IFERROR(_xlfn.LET(_xlpm.rate,INDEX(Corebridge!$B$2:$C$32,MATCH($AE2,Corebridge!$A$2:$A$32,0),IF(LOWER(TRIM($F2))="male",1,2)),_xlpm.coverage,VALUE(SUBSTITUTE(SUBSTITUTE($S2,"$",""),",","")),_xlpm.base,_xlpm.rate*(_xlpm.coverage/1000),_xlpm.fee,_xlfn.XLOOKUP("Corebridge",Key!$B$1:$U$1,Key!$B$2:$U$2,0),_xlpm.mf,_xlfn.XLOOKUP("Corebridge",Key!$B$1:$U$1,Key!$B$3:$U$3,0),IF(_xlpm.mf>0,(_xlpm.base+_xlpm.fee)*_xlpm.mf,(_xlpm.base+_xlpm.fee)/12)),"")} | AP2: {=IFERROR(_xlfn.LET(_xlpm.rate,INDEX(amam!$B$2:$E$37,MATCH($AE2,amam!$A$2:$A$37,0),IF(LOWER(TRIM($F2))="male",IF(LOWER(TRIM($K2))="yes",2,1),IF(LOWER(TRIM($K2))="yes",4,3))),_xlpm.coverage,VALUE(SUBSTITUTE(SUBSTITUTE($S2,"$",""),",","")),_xlpm.base,_xlpm.rate*(_xlpm.coverage/1000),_xlpm.fee,_xlfn.XLOOKUP("amam",Key!$B$1:$U$1,Key!$B$2:$U$2,0),_xlpm.mf,_xlfn.XLOOKUP("amam",Key!$B$1:$U$1,Key!$B$3:$U$3,0),IF(_xlpm.mf>0,(_xlpm.base+_xlpm.fee)*_xlpm.mf,(_xlpm.base+_xlpm.fee)/12)),"")} | AQ2: {=IFERROR(_xlfn.LET(_xlpm.rate,INDEX('amam-graded'!$B$2:$E$37,MATCH($AE2,'amam-graded'!$A$2:$A$37,0),IF(LOWER(TRIM($F2))="male",IF(LOWER(TRIM($K2))="yes",2,1),IF(LOWER(TRIM($K2))="yes",4,3))),_xlpm.coverage,VALUE(SUBSTITUTE(SUBSTITUTE($S2,"$",""),",","")),_xlpm.base,_xlpm.rate*(_xlpm.coverage/1000),_xlpm.fee,_xlfn.XLOOKUP("amam-graded",Key!$B$1:$U$1,Key!$B$2:$U$2,0),_xlpm.mf,_xlfn.XLOOKUP("amam-graded",Key!$B$1:$U$1,Key!$B$3:$U$3,0),IF(_xlpm.mf>0,(_xlpm.base+_xlpm.fee)*_xlpm.mf,(_xlpm.base+_xlpm.fee)/12)),"")} | AR2: {=IFERROR(_xlfn.LET(_xlpm.rate,INDEX('amam-return-or-premium'!$B$2:$E$37,MATCH($AE2,'amam-return-or-premium'!$A$2:$A$37,0),IF(LOWER(TRIM($F2))="male",IF(LOWER(TRIM($K2))="yes",2,1),IF(LOWER(TRIM($K2))="yes",4,3))),_xlpm.coverage,VALUE(SUBSTITUTE(SUBSTITUTE($S2,"$",""),",","")),_xlpm.base,_xlpm.rate*(_xlpm.coverage/1000),_xlpm.fee,_xlfn.XLOOKUP("amam-return-or-premium",Key!$B$1:$U$1,Key!$B$2:$U$2,0),_xlpm.mf,_xlfn.XLOOKUP("amam-return-or-premium",Key!$B$1:$U$1,Key!$B$3:$U$3,0),IF(_xlpm.mf>0,(_xlpm.base+_xlpm.fee)*_xlpm.mf,(_xlpm.base+_xlpm.fee)/12)),"")} | AS2: {=IFERROR(_xlfn.LET(_xlpm.rate,INDEX(AHL!$B$2:$E$37,MATCH($AE2,AHL!$A$2:$A$37,0),IF(LOWER(TRIM($F2))="male",IF(LOWER(TRIM($K2))="yes",2,1),IF(LOWER(TRIM($K2))="yes",4,3))),_xlpm.coverage,VALUE(SUBSTITUTE(SUBSTITUTE($S2,"$",""),",","")),_xlpm.base,_xlpm.rate*(_xlpm.coverage/1000),_xlpm.fee,_xlfn.XLOOKUP("AHL",Key!$B$1:$U$1,Key!$B$2:$U$2,0),_xlpm.mf,_xlfn.XLOOKUP("AHL",Key!$B$1:$U$1,Key!$B$3:$U$3,0),IF(_xlpm.mf>0,(_xlpm.base+_xlpm.fee)*_xlpm.mf,(_xlpm.base+_xlpm.fee)/12)),"")} | AT2: {=IFERROR(_xlfn.LET(_xlpm.rate,INDEX('AHL-Graded'!$B$2:$E$32,MATCH($AE2,'AHL-Graded'!$A$2:$A$32,0),IF(LOWER(TRIM($F2))="male",IF(LOWER(TRIM($K2))="yes",2,1),IF(LOWER(TRIM($K2))="yes",4,3))),_xlpm.coverage,VALUE(SUBSTITUTE(SUBSTITUTE($S2,"$",""),",","")),_xlpm.base,_xlpm.rate*(_xlpm.coverage/1000),_xlpm.fee,_xlfn.XLOOKUP("AHL-Graded",Key!$B$1:$U$1,Key!$B$2:$U$2,0),_xlpm.mf,_xlfn.XLOOKUP("AHL-Graded",Key!$B$1:$U$1,Key!$B$3:$U$3,0),IF(_xlpm.mf>0,(_xlpm.base+_xlpm.fee)*_xlpm.mf,(_xlpm.base+_xlpm.fee)/12)),"")} | AU2: {=IFERROR(_xlfn.LET(_xlpm.rate,INDEX('Royal Neighbors'!$B$2:$E$37,MATCH($AE2,'Royal Neighbors'!$A$2:$A$37,0),IF(LOWER(TRIM($F2))="male",IF(LOWER(TRIM($K2))="yes",2,1),IF(LOWER(TRIM($K2))="yes",4,3))),_xlpm.coverage,VALUE(SUBSTITUTE(SUBSTITUTE($S2,"$",""),",","")),_xlpm.base,_xlpm.rate*(_xlpm.coverage/1000),_xlpm.fee,_xlfn.XLOOKUP("Royal Neighbors",Key!$B$1:$U$1,Key!$B$2:$U$2,0),_xlpm.mf,_xlfn.XLOOKUP("Royal Neighbors",Key!$B$1:$U$1,Key!$B$3:$U$3,0),IF(_xlpm.mf>0,(_xlpm.base+_xlpm.fee)*_xlpm.mf,(_xlpm.base+_xlpm.fee)/12)),"")} | AV2: {=IFERROR(_xlfn.LET(_xlpm.rate,INDEX('Royal Neighbors-Graded'!$B$2:$E$37,MATCH($AE2,'Royal Neighbors-Graded'!$A$2:$A$37,0),IF(LOWER(TRIM($F2))="male",IF(LOWER(TRIM($K2))="yes",2,1),IF(LOWER(TRIM($K2))="yes",4,3))),_xlpm.coverage,VALUE(SUBSTITUTE(SUBSTITUTE($S2,"$",""),",","")),_xlpm.base,_xlpm.rate*(_xlpm.coverage/1000),_xlpm.fee,_xlfn.XLOOKUP("Royal Neighbors-Graded",Key!$B$1:$U$1,Key!$B$2:$U$2,0),_xlpm.mf,_xlfn.XLOOKUP("Royal Neighbors-Graded",Key!$B$1:$U$1,Key!$B$3:$U$3,0),IF(_xlpm.mf>0,(_xlpm.base+_xlpm.fee)*_xlpm.mf,(_xlpm.base+_xlpm.fee)/12)),"")} | AW2: {=IFERROR(_xlfn.LET(_xlpm.rate,INDEX('Gerber-GI'!$B$2:$C$32,MATCH($AE2,'Gerber-GI'!$A$2:$A$32,0),IF(LOWER(TRIM($F2))="male",1,2)),_xlpm.coverage,VALUE(SUBSTITUTE(SUBSTITUTE($S2,"$",""),",","")),_xlpm.base,_xlpm.rate*(_xlpm.coverage/1000),_xlpm.fee,_xlfn.XLOOKUP("Gerber-GI",Key!$B$1:$U$1,Key!$B$2:$U$2,0),_xlpm.mf,_xlfn.XLOOKUP("Gerber-GI",Key!$B$1:$U$1,Key!$B$3:$U$3,0),IF(_xlpm.mf>0,(_xlpm.base+_xlpm.fee)*_xlpm.mf,(_xlpm.base+_xlpm.fee)/12)),"")} | AX2: {=IFERROR(_xlfn.LET(_xlpm.rate,INDEX('Mutual of Omaha'!$B$2:$E$42,MATCH($AE2,'Mutual of Omaha'!$A$2:$A$42,0),IF(LOWER(TRIM($F2))="male",IF(LOWER(TRIM($K2))="yes",2,1),IF(LOWER(TRIM($K2))="yes",4,3))),_xlpm.coverage,VALUE(SUBSTITUTE(SUBSTITUTE($S2,"$",""),",","")),_xlpm.base,_xlpm.rate*(_xlpm.coverage/1000),_xlpm.fee,_xlfn.XLOOKUP("Mutal of Omaha",Key!$B$1:$U$1,Key!$B$2:$U$2,0),_xlpm.mf,_xlfn.XLOOKUP("Mutal of Omaha",Key!$B$1:$U$1,Key!$B$3:$U$3,0),IF(_xlpm.mf>0,(_xlpm.base+_xlpm.fee)*_xlpm.mf,(_xlpm.base+_xlpm.fee)/12)),"")} | AY2: {=IFERROR(_xlfn.LET(_xlpm.rate,INDEX('Mutual of Omaha-Graded'!$B$2:$E$37,MATCH($AE2,'Mutual of Omaha-Graded'!$A$2:$A$37,0),IF(LOWER(TRIM($F2))="male",IF(LOWER(TRIM($K2))="yes",2,1),IF(LOWER(TRIM($K2))="yes",4,3))),_xlpm.coverage,VALUE(SUBSTITUTE(SUBSTITUTE($S2,"$",""),",","")),_xlpm.base,_xlpm.rate*(_xlpm.coverage/1000),_xlpm.fee,_xlfn.XLOOKUP("Mutual of Omaha-Graded",Key!$B$1:$U$1,Key!$B$2:$U$2,0),_xlpm.mf,_xlfn.XLOOKUP("Mutual of Omaha-Graded",Key!$B$1:$U$1,Key!$B$3:$U$3,0),IF(_xlpm.mf>0,(_xlpm.base+_xlpm.fee)*_xlpm.mf,(_xlpm.base+_xlpm.fee)/12)),"")} | AZ2: =AP2 | BA2: =IFERROR(IF(AND(AP2>0,AP2<VALUE(SUBSTITUTE(SUBSTITUTE($T2,"$",""),",",""))),VALUE(SUBSTITUTE(SUBSTITUTE($T2,"$",""),",",""))-AP2,""),"") | BB2: =AL2 | BC2: =IFERROR(IF(AND(AL2>0,AL2<VALUE(SUBSTITUTE(SUBSTITUTE($T2,"$",""),",",""))),VALUE(SUBSTITUTE(SUBSTITUTE($T2,"$",""),",",""))-AL2,""),"") | BD2: {=IFERROR(_xlfn.LET(_xlpm.current,VALUE(SUBSTITUTE(SUBSTITUTE($T2,"$",""),",","")),_xlpm.quotes,AF2:AY2,_xlpm.lowest,_xlfn.MINIFS(_xlpm.quotes,_xlpm.quotes,"<"&_xlpm.current,_xlpm.quotes,">0"),IF(_xlpm.lowest="","",SUBSTITUTE(INDEX($AF$1:$AY$1,1,MATCH(_xlpm.lowest,_xlpm.quotes,0))," Monthly Quote",""))),"")} | BE2: {=IFERROR(_xlfn.LET(_xlpm.current,VALUE(SUBSTITUTE(SUBSTITUTE($T2,"$",""),",","")),_xlpm.quotes,AF2:AY2,_xlpm.lowest,_xlfn.MINIFS(_xlpm.quotes,_xlpm.quotes,"<"&_xlpm.current,_xlpm.quotes,">0"),IF(_xlpm.lowest="","",_xlpm.current-_xlpm.lowest)),"")}
A3: Margie R | B3: Wiltbank | C3: 8327106495 | D3: 84 | E3: 14988 | F3: Female | G3: 7706 Pebble Run Ct Houston TX 77095 | H3: TX | I3: 5.6 | J3: 165 | K3: No | M3: Cremation | N3: Rodrick Davis : (66) | O3: Son | R3: Transamerica | S3: 5000 | T3: 76.17 | U3: 45966 | V3: 45996 | W3: 465643045 | Y3: FIRST COMMUNITY BANK | Z3: Card : 4777480009752095 | AA3: EXP 01/28 CVC 268 | AB3: High blood Pressure knee surgery | AC3: 4 pills | AD3: NO | AE3: 85 | AF3: {=IFERROR(_xlfn.LET(_xlpm.rate,INDEX(aflac!$B$2:$E$37,MATCH($AE3,aflac!$A$2:$A$37,0),IF(LOWER(TRIM($F3))="male",IF(LOWER(TRIM($K3))="yes",2,1),IF(LOWER(TRIM($K3))="yes",4,3))),_xlpm.coverage,VALUE(SUBSTITUTE(SUBSTITUTE($S3,"$",""),",","")),_xlpm.base,_xlpm.rate*(_xlpm.coverage/1000),_xlpm.fee,_xlfn.XLOOKUP("aflac",Key!$B$1:$U$1,Key!$B$2:$U$2,0),_xlpm.mf,_xlfn.XLOOKUP("aflac",Key!$B$1:$U$1,Key!$B$3:$U$3,0),IF(_xlpm.mf>0,(_xlpm.base+_xlpm.fee)*_xlpm.mf,(_xlpm.base+_xlpm.fee)/12)),"")} | AG3: {=IFERROR(_xlfn.LET(_xlpm.rate,INDEX('aflac-modified'!$B$2:$C$32,MATCH($AE3,'aflac-modified'!$A$2:$A$32,0),IF(LOWER(TRIM($F3))="male",1,2)),_xlpm.coverage,VALUE(SUBSTITUTE(SUBSTITUTE($S3,"$",""),",","")),_xlpm.base,_xlpm.rate*(_xlpm.coverage/1000),_xlpm.fee,_xlfn.XLOOKUP("aflac-modified",Key!$B$1:$U$1,Key!$B$2:$U$2,0),_xlpm.mf,_xlfn.XLOOKUP("aflac-modified",Key!$B$1:$U$1,Key!$B$3:$U$3,0),IF(_xlpm.mf>0,(_xlpm.base+_xlpm.fee)*_xlpm.mf,(_xlpm.base+_xlpm.fee)/12)),"")} | AH3: {=IFERROR(_xlfn.LET(_xlpm.rate,INDEX(SBLI!$B$2:$E$37,MATCH($AE3,SBLI!$A$2:$A$37,0),IF(LOWER(TRIM($F3))="male",IF(LOWER(TRIM($K3))="yes",2,1),IF(LOWER(TRIM($K3))="yes",4,3))),_xlpm.coverage,VALUE(SUBSTITUTE(SUBSTITUTE($S3,"$",""),",","")),_xlpm.base,_xlpm.rate*(_xlpm.coverage/1000),_xlpm.fee,_xlfn.XLOOKUP("SBLI",Key!$B$1:$U$1,Key!$B$2:$U$2,0),_xlpm.mf,_xlfn.XLOOKUP("SBLI",Key!$B$1:$U$1,Key!$B$3:$U$3,0),IF(_xlpm.mf>0,(_xlpm.base+_xlpm.fee)*_xlpm.mf,(_xlpm.base+_xlpm.fee)/12)),"")} | AI3: {=IFERROR(_xlfn.LET(_xlpm.rate,INDEX('SBLI-Modified'!$B$2:$E$27,MATCH($AE3,'SBLI-Modified'!$A$2:$A$27,0),IF(LOWER(TRIM($F3))="male",IF(LOWER(TRIM($K3))="yes",2,1),IF(LOWER(TRIM($K3))="yes",4,3))),_xlpm.coverage,VALUE(SUBSTITUTE(SUBSTITUTE($S3,"$",""),",","")),_xlpm.base,_xlpm.rate*(_xlpm.coverage/1000),_xlpm.fee,_xlfn.XLOOKUP("SBLI-Modified",Key!$B$1:$U$1,Key!$B$2:$U$2,0),_xlpm.mf,_xlfn.XLOOKUP("SBLI-Modified",Key!$B$1:$U$1,Key!$B$3:$U$3,0),IF(_xlpm.mf>0,(_xlpm.base+_xlpm.fee)*_xlpm.mf,(_xlpm.base+_xlpm.fee)/12)),"")} | AJ3: {=IFERROR(_xlfn.LET(_xlpm.rate,INDEX(CICA!$B$2:$C$42,MATCH($AE3,CICA!$A$2:$A$42,0),IF(LOWER(TRIM($F3))="male",1,2)),_xlpm.coverage,VALUE(SUBSTITUTE(SUBSTITUTE($S3,"$",""),",","")),_xlpm.base,_xlpm.rate*(_xlpm.coverage/1000),_xlpm.fee,_xlfn.XLOOKUP("CICA",Key!$B$1:$U$1,Key!$B$2:$U$2,0),_xlpm.mf,_xlfn.XLOOKUP("CICA",Key!$B$1:$U$1,Key!$B$3:$U$3,0),IF(_xlpm.mf>0,(_xlpm.base+_xlpm.fee)*_xlpm.mf,(_xlpm.base+_xlpm.fee)/12)),"")} | AK3: {=IFERROR(_xlfn.LET(_xlpm.rate,INDEX('CICA-GI'!$B$2:$C$47,MATCH($AE3,'CICA-GI'!$A$2:$A$47,0),IF(LOWER(TRIM($F3))="male",1,2)),_xlpm.coverage,VALUE(SUBSTITUTE(SUBSTITUTE($S3,"$",""),",","")),_xlpm.base,_xlpm.rate*(_xlpm.coverage/1000),_xlpm.fee,_xlfn.XLOOKUP("CICA-GI",Key!$B$1:$U$1,Key!$B$2:$U$2,0),_xlpm.mf,_xlfn.XLOOKUP("CICA-GI",Key!$B$1:$U$1,Key!$B$3:$U$3,0),IF(_xlpm.mf>0,(_xlpm.base+_xlpm.fee)*_xlpm.mf,(_xlpm.base+_xlpm.fee)/12)),"")} | AL3: {=IFERROR(_xlfn.LET(_xlpm.rate,INDEX(gtl!$B$2:$C$52,MATCH($AE3,gtl!$A$2:$A$52,0),IF(LOWER(TRIM($F3))="male",1,2)),_xlpm.coverage,VALUE(SUBSTITUTE(SUBSTITUTE($S3,"$",""),",","")),_xlpm.base,_xlpm.rate*(_xlpm.coverage/1000),_xlpm.fee,_xlfn.XLOOKUP("gtl",Key!$B$1:$U$1,Key!$B$2:$U$2,0),_xlpm.mf,_xlfn.XLOOKUP("gtl",Key!$B$1:$U$1,Key!$B$3:$U$3,0),IF(_xlpm.mf>0,(_xlpm.base+_xlpm.fee)*_xlpm.mf,(_xlpm.base+_xlpm.fee)/12)),"")} | AM3: {=IFERROR(_xlfn.LET(_xlpm.rate,INDEX(TransAmerica!$B$2:$E$69,MATCH($AE3,TransAmerica!$A$2:$A$69,0),IF(LOWER(TRIM($F3))="male",IF(LOWER(TRIM($K3))="yes",2,1),IF(LOWER(TRIM($K3))="yes",4,3))),_xlpm.coverage,VALUE(SUBSTITUTE(SUBSTITUTE($S3,"$",""),",","")),_xlpm.base,_xlpm.rate*(_xlpm.coverage/1000),_xlpm.fee,_xlfn.XLOOKUP("TransAmerica",Key!$B$1:$U$1,Key!$B$2:$U$2,0),_xlpm.mf,_xlfn.XLOOKUP("TransAmerica",Key!$B$1:$U$1,Key!$B$3:$U$3,0),IF(_xlpm.mf>0,(_xlpm.base+_xlpm.fee)*_xlpm.mf,(_xlpm.base+_xlpm.fee)/12)),"")} | AN3: {=IFERROR(_xlfn.LET(_xlpm.rate,INDEX('TransAmerica Graded'!$B$2:$E$64,MATCH($AE3,'TransAmerica Graded'!$A$2:$A$64,0),IF(LOWER(TRIM($F3))="male",IF(LOWER(TRIM($K3))="yes",2,1),IF(LOWER(TRIM($K3))="yes",4,3))),_xlpm.coverage,VALUE(SUBSTITUTE(SUBSTITUTE($S3,"$",""),",","")),_xlpm.base,_xlpm.rate*(_xlpm.coverage/1000),_xlpm.fee,_xlfn.XLOOKUP("TransAmerica Graded",Key!$B$1:$U$1,Key!$B$2:$U$2,0),_xlpm.mf,_xlfn.XLOOKUP("TransAmerica Graded",Key!$B$1:$U$1,Key!$B$3:$U$3,0),IF(_xlpm.mf>0,(_xlpm.base+_xlpm.fee)*_xlpm.mf,(_xlpm.base+_xlpm.fee)/12)),"")} | AO3: {=IFERROR(_xlfn.LET(_xlpm.rate,INDEX(Corebridge!$B$2:$C$32,MATCH($AE3,Corebridge!$A$2:$A$32,0),IF(LOWER(TRIM($F3))="male",1,2)),_xlpm.coverage,VALUE(SUBSTITUTE(SUBSTITUTE($S3,"$",""),",","")),_xlpm.base,_xlpm.rate*(_xlpm.coverage/1000),_xlpm.fee,_xlfn.XLOOKUP("Corebridge",Key!$B$1:$U$1,Key!$B$2:$U$2,0),_xlpm.mf,_xlfn.XLOOKUP("Corebridge",Key!$B$1:$U$1,Key!$B$3:$U$3,0),IF(_xlpm.mf>0,(_xlpm.base+_xlpm.fee)*_xlpm.mf,(_xlpm.base+_xlpm.fee)/12)),"")} | AP3: {=IFERROR(_xlfn.LET(_xlpm.rate,INDEX(amam!$B$2:$E$37,MATCH($AE3,amam!$A$2:$A$37,0),IF(LOWER(TRIM($F3))="male",IF(LOWER(TRIM($K3))="yes",2,1),IF(LOWER(TRIM($K3))="yes",4,3))),_xlpm.coverage,VALUE(SUBSTITUTE(SUBSTITUTE($S3,"$",""),",","")),_xlpm.base,_xlpm.rate*(_xlpm.coverage/1000),_xlpm.fee,_xlfn.XLOOKUP("amam",Key!$B$1:$U$1,Key!$B$2:$U$2,0),_xlpm.mf,_xlfn.XLOOKUP("amam",Key!$B$1:$U$1,Key!$B$3:$U$3,0),IF(_xlpm.mf>0,(_xlpm.base+_xlpm.fee)*_xlpm.mf,(_xlpm.base+_xlpm.fee)/12)),"")} | AQ3: {=IFERROR(_xlfn.LET(_xlpm.rate,INDEX('amam-graded'!$B$2:$E$37,MATCH($AE3,'amam-graded'!$A$2:$A$37,0),IF(LOWER(TRIM($F3))="male",IF(LOWER(TRIM($K3))="yes",2,1),IF(LOWER(TRIM($K3))="yes",4,3))),_xlpm.coverage,VALUE(SUBSTITUTE(SUBSTITUTE($S3,"$",""),",","")),_xlpm.base,_xlpm.rate*(_xlpm.coverage/1000),_xlpm.fee,_xlfn.XLOOKUP("amam-graded",Key!$B$1:$U$1,Key!$B$2:$U$2,0),_xlpm.mf,_xlfn.XLOOKUP("amam-graded",Key!$B$1:$U$1,Key!$B$3:$U$3,0),IF(_xlpm.mf>0,(_xlpm.base+_xlpm.fee)*_xlpm.mf,(_xlpm.base+_xlpm.fee)/12)),"")} | AR3: {=IFERROR(_xlfn.LET(_xlpm.rate,INDEX('amam-return-or-premium'!$B$2:$E$37,MATCH($AE3,'amam-return-or-premium'!$A$2:$A$37,0),IF(LOWER(TRIM($F3))="male",IF(LOWER(TRIM($K3))="yes",2,1),IF(LOWER(TRIM($K3))="yes",4,3))),_xlpm.coverage,VALUE(SUBSTITUTE(SUBSTITUTE($S3,"$",""),",","")),_xlpm.base,_xlpm.rate*(_xlpm.coverage/1000),_xlpm.fee,_xlfn.XLOOKUP("amam-return-or-premium",Key!$B$1:$U$1,Key!$B$2:$U$2,0),_xlpm.mf,_xlfn.XLOOKUP("amam-return-or-premium",Key!$B$1:$U$1,Key!$B$3:$U$3,0),IF(_xlpm.mf>0,(_xlpm.base+_xlpm.fee)*_xlpm.mf,(_xlpm.base+_xlpm.fee)/12)),"")} | AS3: {=IFERROR(_xlfn.LET(_xlpm.rate,INDEX(AHL!$B$2:$E$37,MATCH($AE3,AHL!$A$2:$A$37,0),IF(LOWER(TRIM($F3))="male",IF(LOWER(TRIM($K3))="yes",2,1),IF(LOWER(TRIM($K3))="yes",4,3))),_xlpm.coverage,VALUE(SUBSTITUTE(SUBSTITUTE($S3,"$",""),",","")),_xlpm.base,_xlpm.rate*(_xlpm.coverage/1000),_xlpm.fee,_xlfn.XLOOKUP("AHL",Key!$B$1:$U$1,Key!$B$2:$U$2,0),_xlpm.mf,_xlfn.XLOOKUP("AHL",Key!$B$1:$U$1,Key!$B$3:$U$3,0),IF(_xlpm.mf>0,(_xlpm.base+_xlpm.fee)*_xlpm.mf,(_xlpm.base+_xlpm.fee)/12)),"")} | AT3: {=IFERROR(_xlfn.LET(_xlpm.rate,INDEX('AHL-Graded'!$B$2:$E$32,MATCH($AE3,'AHL-Graded'!$A$2:$A$32,0),IF(LOWER(TRIM($F3))="male",IF(LOWER(TRIM($K3))="yes",2,1),IF(LOWER(TRIM($K3))="yes",4,3))),_xlpm.coverage,VALUE(SUBSTITUTE(SUBSTITUTE($S3,"$",""),",","")),_xlpm.base,_xlpm.rate*(_xlpm.coverage/1000),_xlpm.fee,_xlfn.XLOOKUP("AHL-Graded",Key!$B$1:$U$1,Key!$B$2:$U$2,0),_xlpm.mf,_xlfn.XLOOKUP("AHL-Graded",Key!$B$1:$U$1,Key!$B$3:$U$3,0),IF(_xlpm.mf>0,(_xlpm.base+_xlpm.fee)*_xlpm.mf,(_xlpm.base+_xlpm.fee)/12)),"")} | AU3: {=IFERROR(_xlfn.LET(_xlpm.rate,INDEX('Royal Neighbors'!$B$2:$E$37,MATCH($AE3,'Royal Neighbors'!$A$2:$A$37,0),IF(LOWER(TRIM($F3))="male",IF(LOWER(TRIM($K3))="yes",2,1),IF(LOWER(TRIM($K3))="yes",4,3))),_xlpm.coverage,VALUE(SUBSTITUTE(SUBSTITUTE($S3,"$",""),",","")),_xlpm.base,_xlpm.rate*(_xlpm.coverage/1000),_xlpm.fee,_xlfn.XLOOKUP("Royal Neighbors",Key!$B$1:$U$1,Key!$B$2:$U$2,0),_xlpm.mf,_xlfn.XLOOKUP("Royal Neighbors",Key!$B$1:$U$1,Key!$B$3:$U$3,0),IF(_xlpm.mf>0,(_xlpm.base+_xlpm.fee)*_xlpm.mf,(_xlpm.base+_xlpm.fee)/12)),"")} | AV3: {=IFERROR(_xlfn.LET(_xlpm.rate,INDEX('Royal Neighbors-Graded'!$B$2:$E$37,MATCH($AE3,'Royal Neighbors-Graded'!$A$2:$A$37,0),IF(LOWER(TRIM($F3))="male",IF(LOWER(TRIM($K3))="yes",2,1),IF(LOWER(TRIM($K3))="yes",4,3))),_xlpm.coverage,VALUE(SUBSTITUTE(SUBSTITUTE($S3,"$",""),",","")),_xlpm.base,_xlpm.rate*(_xlpm.coverage/1000),_xlpm.fee,_xlfn.XLOOKUP("Royal Neighbors-Graded",Key!$B$1:$U$1,Key!$B$2:$U$2,0),_xlpm.mf,_xlfn.XLOOKUP("Royal Neighbors-Graded",Key!$B$1:$U$1,Key!$B$3:$U$3,0),IF(_xlpm.mf>0,(_xlpm.base+_xlpm.fee)*_xlpm.mf,(_xlpm.base+_xlpm.fee)/12)),"")} | AW3: {=IFERROR(_xlfn.LET(_xlpm.rate,INDEX('Gerber-GI'!$B$2:$C$32,MATCH($AE3,'Gerber-GI'!$A$2:$A$32,0),IF(LOWER(TRIM($F3))="male",1,2)),_xlpm.coverage,VALUE(SUBSTITUTE(SUBSTITUTE($S3,"$",""),",","")),_xlpm.base,_xlpm.rate*(_xlpm.coverage/1000),_xlpm.fee,_xlfn.XLOOKUP("Gerber-GI",Key!$B$1:$U$1,Key!$B$2:$U$2,0),_xlpm.mf,_xlfn.XLOOKUP("Gerber-GI",Key!$B$1:$U$1,Key!$B$3:$U$3,0),IF(_xlpm.mf>0,(_xlpm.base+_xlpm.fee)*_xlpm.mf,(_xlpm.base+_xlpm.fee)/12)),"")} | AX3: {=IFERROR(_xlfn.LET(_xlpm.rate,INDEX('Mutual of Omaha'!$B$2:$E$42,MATCH($AE3,'Mutual of Omaha'!$A$2:$A$42,0),IF(LOWER(TRIM($F3))="male",IF(LOWER(TRIM($K3))="yes",2,1),IF(LOWER(TRIM($K3))="yes",4,3))),_xlpm.coverage,VALUE(SUBSTITUTE(SUBSTITUTE($S3,"$",""),",","")),_xlpm.base,_xlpm.rate*(_xlpm.coverage/1000),_xlpm.fee,_xlfn.XLOOKUP("Mutal of Omaha",Key!$B$1:$U$1,Key!$B$2:$U$2,0),_xlpm.mf,_xlfn.XLOOKUP("Mutal of Omaha",Key!$B$1:$U$1,Key!$B$3:$U$3,0),IF(_xlpm.mf>0,(_xlpm.base+_xlpm.fee)*_xlpm.mf,(_xlpm.base+_xlpm.fee)/12)),"")} | AY3: {=IFERROR(_xlfn.LET(_xlpm.rate,INDEX('Mutual of Omaha-Graded'!$B$2:$E$37,MATCH($AE3,'Mutual of Omaha-Graded'!$A$2:$A$37,0),IF(LOWER(TRIM($F3))="male",IF(LOWER(TRIM($K3))="yes",2,1),IF(LOWER(TRIM($K3))="yes",4,3))),_xlpm.coverage,VALUE(SUBSTITUTE(SUBSTITUTE($S3,"$",""),",","")),_xlpm.base,_xlpm.rate*(_xlpm.coverage/1000),_xlpm.fee,_xlfn.XLOOKUP("Mutual of Omaha-Graded",Key!$B$1:$U$1,Key!$B$2:$U$2,0),_xlpm.mf,_xlfn.XLOOKUP("Mutual of Omaha-Graded",Key!$B$1:$U$1,Key!$B$3:$U$3,0),IF(_xlpm.mf>0,(_xlpm.base+_xlpm.fee)*_xlpm.mf,(_xlpm.base+_xlpm.fee)/12)),"")} | AZ3: =AP3 | BA3: =IFERROR(IF(AND(AP3>0,AP3<VALUE(SUBSTITUTE(SUBSTITUTE($T3,"$",""),",",""))),VALUE(SUBSTITUTE(SUBSTITUTE($T3,"$",""),",",""))-AP3,""),"") | BB3: =AL3 | BC3: =IFERROR(IF(AND(AL3>0,AL3<VALUE(SUBSTITUTE(SUBSTITUTE($T3,"$",""),",",""))),VALUE(SUBSTITUTE(SUBSTITUTE($T3,"$",""),",",""))-AL3,""),"") | BD3: {=IFERROR(_xlfn.LET(_xlpm.current,VALUE(SUBSTITUTE(SUBSTITUTE($T3,"$",""),",","")),_xlpm.quotes,AF3:AY3,_xlpm.lowest,_xlfn.MINIFS(_xlpm.quotes,_xlpm.quotes,"<"&_xlpm.current,_xlpm.quotes,">0"),IF(_xlpm.lowest="","",SUBSTITUTE(INDEX($AF$1:$AY$1,1,MATCH(_xlpm.lowest,_xlpm.quotes,0))," Monthly Quote",""))),"")} | BE3: {=IFERROR(_xlfn.LET(_xlpm.current,VALUE(SUBSTITUTE(SUBSTITUTE($T3,"$",""),",","")),_xlpm.quotes,AF3:AY3,_xlpm.lowest,_xlfn.MINIFS(_xlpm.quotes,_xlpm.quotes,"<"&_xlpm.current,_xlpm.quotes,">0"),IF(_xlpm.lowest="","",_xlpm.current-_xlpm.lowest)),"")}
A4: Diane R | B4: Patterson | C4: 8189434263 | D4: 75 | E4: 18322 | F4: Female | G4: 9818 Rhea Ave Northridge CA 91324 | H4: NV | I4: 5.7 | J4: 160 | K4: No | L4: dpatte4@dslextreme.com | M4: Cremation | N4: Debbie Coit | O4: Cousin | P4: NA | Q4: NA | R4: Trans America | S4: 5000 | T4: 37.28 | U4: 45992 | V4: 46023 | W4: 567861941 | X4: NA | Y4: Chase Bank | Z4: CVV : 858 Exp : 10/30 | AA4: 4.15e+15 | AB4: Diabieties | AC4: NA | AD4: Dr. Sobiya Khan, DO - | AE4: 76 | AF4: {=IFERROR(_xlfn.LET(_xlpm.rate,INDEX(aflac!$B$2:$E$37,MATCH($AE4,aflac!$A$2:$A$37,0),IF(LOWER(TRIM($F4))="male",IF(LOWER(TRIM($K4))="yes",2,1),IF(LOWER(TRIM($K4))="yes",4,3))),_xlpm.coverage,VALUE(SUBSTITUTE(SUBSTITUTE($S4,"$",""),",","")),_xlpm.base,_xlpm.rate*(_xlpm.coverage/1000),_xlpm.fee,_xlfn.XLOOKUP("aflac",Key!$B$1:$U$1,Key!$B$2:$U$2,0),_xlpm.mf,_xlfn.XLOOKUP("aflac",Key!$B$1:$U$1,Key!$B$3:$U$3,0),IF(_xlpm.mf>0,(_xlpm.base+_xlpm.fee)*_xlpm.mf,(_xlpm.base+_xlpm.fee)/12)),"")} | AG4: {=IFERROR(_xlfn.LET(_xlpm.rate,INDEX('aflac-modified'!$B$2:$C$32,MATCH($AE4,'aflac-modified'!$A$2:$A$32,0),IF(LOWER(TRIM($F4))="male",1,2)),_xlpm.coverage,VALUE(SUBSTITUTE(SUBSTITUTE($S4,"$",""),",","")),_xlpm.base,_xlpm.rate*(_xlpm.coverage/1000),_xlpm.fee,_xlfn.XLOOKUP("aflac-modified",Key!$B$1:$U$1,Key!$B$2:$U$2,0),_xlpm.mf,_xlfn.XLOOKUP("aflac-modified",Key!$B$1:$U$1,Key!$B$3:$U$3,0),IF(_xlpm.mf>0,(_xlpm.base+_xlpm.fee)*_xlpm.mf,(_xlpm.base+_xlpm.fee)/12)),"")} | AH4: {=IFERROR(_xlfn.LET(_xlpm.rate,INDEX(SBLI!$B$2:$E$37,MATCH($AE4,SBLI!$A$2:$A$37,0),IF(LOWER(TRIM($F4))="male",IF(LOWER(TRIM($K4))="yes",2,1),IF(LOWER(TRIM($K4))="yes",4,3))),_xlpm.coverage,VALUE(SUBSTITUTE(SUBSTITUTE($S4,"$",""),",","")),_xlpm.base,_xlpm.rate*(_xlpm.coverage/1000),_xlpm.fee,_xlfn.XLOOKUP("SBLI",Key!$B$1:$U$1,Key!$B$2:$U$2,0),_xlpm.mf,_xlfn.XLOOKUP("SBLI",Key!$B$1:$U$1,Key!$B$3:$U$3,0),IF(_xlpm.mf>0,(_xlpm.base+_xlpm.fee)*_xlpm.mf,(_xlpm.base+_xlpm.fee)/12)),"")} | AI4: {=IFERROR(_xlfn.LET(_xlpm.rate,INDEX('SBLI-Modified'!$B$2:$E$27,MATCH($AE4,'SBLI-Modified'!$A$2:$A$27,0),IF(LOWER(TRIM($F4))="male",IF(LOWER(TRIM($K4))="yes",2,1),IF(LOWER(TRIM($K4))="yes",4,3))),_xlpm.coverage,VALUE(SUBSTITUTE(SUBSTITUTE($S4,"$",""),",","")),_xlpm.base,_xlpm.rate*(_xlpm.coverage/1000),_xlpm.fee,_xlfn.XLOOKUP("SBLI-Modified",Key!$B$1:$U$1,Key!$B$2:$U$2,0),_xlpm.mf,_xlfn.XLOOKUP("SBLI-Modified",Key!$B$1:$U$1,Key!$B$3:$U$3,0),IF(_xlpm.mf>0,(_xlpm.base+_xlpm.fee)*_xlpm.mf,(_xlpm.base+_xlpm.fee)/12)),"")} | AJ4: {=IFERROR(_xlfn.LET(_xlpm.rate,INDEX(CICA!$B$2:$C$42,MATCH($AE4,CICA!$A$2:$A$42,0),IF(LOWER(TRIM($F4))="male",1,2)),_xlpm.coverage,VALUE(SUBSTITUTE(SUBSTITUTE($S4,"$",""),",","")),_xlpm.base,_xlpm.rate*(_xlpm.coverage/1000),_xlpm.fee,_xlfn.XLOOKUP("CICA",Key!$B$1:$U$1,Key!$B$2:$U$2,0),_xlpm.mf,_xlfn.XLOOKUP("CICA",Key!$B$1:$U$1,Key!$B$3:$U$3,0),IF(_xlpm.mf>0,(_xlpm.base+_xlpm.fee)*_xlpm.mf,(_xlpm.base+_xlpm.fee)/12)),"")} | AK4: {=IFERROR(_xlfn.LET(_xlpm.rate,INDEX('CICA-GI'!$B$2:$C$47,MATCH($AE4,'CICA-GI'!$A$2:$A$47,0),IF(LOWER(TRIM($F4))="male",1,2)),_xlpm.coverage,VALUE(SUBSTITUTE(SUBSTITUTE($S4,"$",""),",","")),_xlpm.base,_xlpm.rate*(_xlpm.coverage/1000),_xlpm.fee,_xlfn.XLOOKUP("CICA-GI",Key!$B$1:$U$1,Key!$B$2:$U$2,0),_xlpm.mf,_xlfn.XLOOKUP("CICA-GI",Key!$B$1:$U$1,Key!$B$3:$U$3,0),IF(_xlpm.mf>0,(_xlpm.base+_xlpm.fee)*_xlpm.mf,(_xlpm.base+_xlpm.fee)/12)),"")} | AL4: {=IFERROR(_xlfn.LET(_xlpm.rate,INDEX(gtl!$B$2:$C$52,MATCH($AE4,gtl!$A$2:$A$52,0),IF(LOWER(TRIM($F4))="male",1,2)),_xlpm.coverage,VALUE(SUBSTITUTE(SUBSTITUTE($S4,"$",""),",","")),_xlpm.base,_xlpm.rate*(_xlpm.coverage/1000),_xlpm.fee,_xlfn.XLOOKUP("gtl",Key!$B$1:$U$1,Key!$B$2:$U$2,0),_xlpm.mf,_xlfn.XLOOKUP("gtl",Key!$B$1:$U$1,Key!$B$3:$U$3,0),IF(_xlpm.mf>0,(_xlpm.base+_xlpm.fee)*_xlpm.mf,(_xlpm.base+_xlpm.fee)/12)),"")} | AM4: {=IFERROR(_xlfn.LET(_xlpm.rate,INDEX(TransAmerica!$B$2:$E$69,MATCH($AE4,TransAmerica!$A$2:$A$69,0),IF(LOWER(TRIM($F4))="male",IF(LOWER(TRIM($K4))="yes",2,1),IF(LOWER(TRIM($K4))="yes",4,3))),_xlpm.coverage,VALUE(SUBSTITUTE(SUBSTITUTE($S4,"$",""),",","")),_xlpm.base,_xlpm.rate*(_xlpm.coverage/1000),_xlpm.fee,_xlfn.XLOOKUP("TransAmerica",Key!$B$1:$U$1,Key!$B$2:$U$2,0),_xlpm.mf,_xlfn.XLOOKUP("TransAmerica",Key!$B$1:$U$1,Key!$B$3:$U$3,0),IF(_xlpm.mf>0,(_xlpm.base+_xlpm.fee)*_xlpm.mf,(_xlpm.base+_xlpm.fee)/12)),"")} | AN4: {=IFERROR(_xlfn.LET(_xlpm.rate,INDEX('TransAmerica Graded'!$B$2:$E$64,MATCH($AE4,'TransAmerica Graded'!$A$2:$A$64,0),IF(LOWER(TRIM($F4))="male",IF(LOWER(TRIM($K4))="yes",2,1),IF(LOWER(TRIM($K4))="yes",4,3))),_xlpm.coverage,VALUE(SUBSTITUTE(SUBSTITUTE($S4,"$",""),",","")),_xlpm.base,_xlpm.rate*(_xlpm.coverage/1000),_xlpm.fee,_xlfn.XLOOKUP("TransAmerica Graded",Key!$B$1:$U$1,Key!$B$2:$U$2,0),_xlpm.mf,_xlfn.XLOOKUP("TransAmerica Graded",Key!$B$1:$U$1,Key!$B$3:$U$3,0),IF(_xlpm.mf>0,(_xlpm.base+_xlpm.fee)*_xlpm.mf,(_xlpm.base+_xlpm.fee)/12)),"")} | AO4: {=IFERROR(_xlfn.LET(_xlpm.rate,INDEX(Corebridge!$B$2:$C$32,MATCH($AE4,Corebridge!$A$2:$A$32,0),IF(LOWER(TRIM($F4))="male",1,2)),_xlpm.coverage,VALUE(SUBSTITUTE(SUBSTITUTE($S4,"$",""),",","")),_xlpm.base,_xlpm.rate*(_xlpm.coverage/1000),_xlpm.fee,_xlfn.XLOOKUP("Corebridge",Key!$B$1:$U$1,Key!$B$2:$U$2,0),_xlpm.mf,_xlfn.XLOOKUP("Corebridge",Key!$B$1:$U$1,Key!$B$3:$U$3,0),IF(_xlpm.mf>0,(_xlpm.base+_xlpm.fee)*_xlpm.mf,(_xlpm.base+_xlpm.fee)/12)),"")} | AP4: {=IFERROR(_xlfn.LET(_xlpm.rate,INDEX(amam!$B$2:$E$37,MATCH($AE4,amam!$A$2:$A$37,0),IF(LOWER(TRIM($F4))="male",IF(LOWER(TRIM($K4))="yes",2,1),IF(LOWER(TRIM($K4))="yes",4,3))),_xlpm.coverage,VALUE(SUBSTITUTE(SUBSTITUTE($S4,"$",""),",","")),_xlpm.base,_xlpm.rate*(_xlpm.coverage/1000),_xlpm.fee,_xlfn.XLOOKUP("amam",Key!$B$1:$U$1,Key!$B$2:$U$2,0),_xlpm.mf,_xlfn.XLOOKUP("amam",Key!$B$1:$U$1,Key!$B$3:$U$3,0),IF(_xlpm.mf>0,(_xlpm.base+_xlpm.fee)*_xlpm.mf,(_xlpm.base+_xlpm.fee)/12)),"")} | AQ4: {=IFERROR(_xlfn.LET(_xlpm.rate,INDEX('amam-graded'!$B$2:$E$37,MATCH($AE4,'amam-graded'!$A$2:$A$37,0),IF(LOWER(TRIM($F4))="male",IF(LOWER(TRIM($K4))="yes",2,1),IF(LOWER(TRIM($K4))="yes",4,3))),_xlpm.coverage,VALUE(SUBSTITUTE(SUBSTITUTE($S4,"$",""),",","")),_xlpm.base,_xlpm.rate*(_xlpm.coverage/1000),_xlpm.fee,_xlfn.XLOOKUP("amam-graded",Key!$B$1:$U$1,Key!$B$2:$U$2,0),_xlpm.mf,_xlfn.XLOOKUP("amam-graded",Key!$B$1:$U$1,Key!$B$3:$U$3,0),IF(_xlpm.mf>0,(_xlpm.base+_xlpm.fee)*_xlpm.mf,(_xlpm.base+_xlpm.fee)/12)),"")} | AR4: {=IFERROR(_xlfn.LET(_xlpm.rate,INDEX('amam-return-or-premium'!$B$2:$E$37,MATCH($AE4,'amam-return-or-premium'!$A$2:$A$37,0),IF(LOWER(TRIM($F4))="male",IF(LOWER(TRIM($K4))="yes",2,1),IF(LOWER(TRIM($K4))="yes",4,3))),_xlpm.coverage,VALUE(SUBSTITUTE(SUBSTITUTE($S4,"$",""),",","")),_xlpm.base,_xlpm.rate*(_xlpm.coverage/1000),_xlpm.fee,_xlfn.XLOOKUP("amam-return-or-premium",Key!$B$1:$U$1,Key!$B$2:$U$2,0),_xlpm.mf,_xlfn.XLOOKUP("amam-return-or-premium",Key!$B$1:$U$1,Key!$B$3:$U$3,0),IF(_xlpm.mf>0,(_xlpm.base+_xlpm.fee)*_xlpm.mf,(_xlpm.base+_xlpm.fee)/12)),"")} | AS4: {=IFERROR(_xlfn.LET(_xlpm.rate,INDEX(AHL!$B$2:$E$37,MATCH($AE4,AHL!$A$2:$A$37,0),IF(LOWER(TRIM($F4))="male",IF(LOWER(TRIM($K4))="yes",2,1),IF(LOWER(TRIM($K4))="yes",4,3))),_xlpm.coverage,VALUE(SUBSTITUTE(SUBSTITUTE($S4,"$",""),",","")),_xlpm.base,_xlpm.rate*(_xlpm.coverage/1000),_xlpm.fee,_xlfn.XLOOKUP("AHL",Key!$B$1:$U$1,Key!$B$2:$U$2,0),_xlpm.mf,_xlfn.XLOOKUP("AHL",Key!$B$1:$U$1,Key!$B$3:$U$3,0),IF(_xlpm.mf>0,(_xlpm.base+_xlpm.fee)*_xlpm.mf,(_xlpm.base+_xlpm.fee)/12)),"")} | AT4: {=IFERROR(_xlfn.LET(_xlpm.rate,INDEX('AHL-Graded'!$B$2:$E$32,MATCH($AE4,'AHL-Graded'!$A$2:$A$32,0),IF(LOWER(TRIM($F4))="male",IF(LOWER(TRIM($K4))="yes",2,1),IF(LOWER(TRIM($K4))="yes",4,3))),_xlpm.coverage,VALUE(SUBSTITUTE(SUBSTITUTE($S4,"$",""),",","")),_xlpm.base,_xlpm.rate*(_xlpm.coverage/1000),_xlpm.fee,_xlfn.XLOOKUP("AHL-Graded",Key!$B$1:$U$1,Key!$B$2:$U$2,0),_xlpm.mf,_xlfn.XLOOKUP("AHL-Graded",Key!$B$1:$U$1,Key!$B$3:$U$3,0),IF(_xlpm.mf>0,(_xlpm.base+_xlpm.fee)*_xlpm.mf,(_xlpm.base+_xlpm.fee)/12)),"")} | AU4: {=IFERROR(_xlfn.LET(_xlpm.rate,INDEX('Royal Neighbors'!$B$2:$E$37,MATCH($AE4,'Royal Neighbors'!$A$2:$A$37,0),IF(LOWER(TRIM($F4))="male",IF(LOWER(TRIM($K4))="yes",2,1),IF(LOWER(TRIM($K4))="yes",4,3))),_xlpm.coverage,VALUE(SUBSTITUTE(SUBSTITUTE($S4,"$",""),",","")),_xlpm.base,_xlpm.rate*(_xlpm.coverage/1000),_xlpm.fee,_xlfn.XLOOKUP("Royal Neighbors",Key!$B$1:$U$1,Key!$B$2:$U$2,0),_xlpm.mf,_xlfn.XLOOKUP("Royal Neighbors",Key!$B$1:$U$1,Key!$B$3:$U$3,0),IF(_xlpm.mf>0,(_xlpm.base+_xlpm.fee)*_xlpm.mf,(_xlpm.base+_xlpm.fee)/12)),"")} | AV4: {=IFERROR(_xlfn.LET(_xlpm.rate,INDEX('Royal Neighbors-Graded'!$B$2:$E$37,MATCH($AE4,'Royal Neighbors-Graded'!$A$2:$A$37,0),IF(LOWER(TRIM($F4))="male",IF(LOWER(TRIM($K4))="yes",2,1),IF(LOWER(TRIM($K4))="yes",4,3))),_xlpm.coverage,VALUE(SUBSTITUTE(SUBSTITUTE($S4,"$",""),",","")),_xlpm.base,_xlpm.rate*(_xlpm.coverage/1000),_xlpm.fee,_xlfn.XLOOKUP("Royal Neighbors-Graded",Key!$B$1:$U$1,Key!$B$2:$U$2,0),_xlpm.mf,_xlfn.XLOOKUP("Royal Neighbors-Graded",Key!$B$1:$U$1,Key!$B$3:$U$3,0),IF(_xlpm.mf>0,(_xlpm.base+_xlpm.fee)*_xlpm.mf,(_xlpm.base+_xlpm.fee)/12)),"")} | AW4: {=IFERROR(_xlfn.LET(_xlpm.rate,INDEX('Gerber-GI'!$B$2:$C$32,MATCH($AE4,'Gerber-GI'!$A$2:$A$32,0),IF(LOWER(TRIM($F4))="male",1,2)),_xlpm.coverage,VALUE(SUBSTITUTE(SUBSTITUTE($S4,"$",""),",","")),_xlpm.base,_xlpm.rate*(_xlpm.coverage/1000),_xlpm.fee,_xlfn.XLOOKUP("Gerber-GI",Key!$B$1:$U$1,Key!$B$2:$U$2,0),_xlpm.mf,_xlfn.XLOOKUP("Gerber-GI",Key!$B$1:$U$1,Key!$B$3:$U$3,0),IF(_xlpm.mf>0,(_xlpm.base+_xlpm.fee)*_xlpm.mf,(_xlpm.base+_xlpm.fee)/12)),"")} | AX4: {=IFERROR(_xlfn.LET(_xlpm.rate,INDEX('Mutual of Omaha'!$B$2:$E$42,MATCH($AE4,'Mutual of Omaha'!$A$2:$A$42,0),IF(LOWER(TRIM($F4))="male",IF(LOWER(TRIM($K4))="yes",2,1),IF(LOWER(TRIM($K4))="yes",4,3))),_xlpm.coverage,VALUE(SUBSTITUTE(SUBSTITUTE($S4,"$",""),",","")),_xlpm.base,_xlpm.rate*(_xlpm.coverage/1000),_xlpm.fee,_xlfn.XLOOKUP("Mutal of Omaha",Key!$B$1:$U$1,Key!$B$2:$U$2,0),_xlpm.mf,_xlfn.XLOOKUP("Mutal of Omaha",Key!$B$1:$U$1,Key!$B$3:$U$3,0),IF(_xlpm.mf>0,(_xlpm.base+_xlpm.fee)*_xlpm.mf,(_xlpm.base+_xlpm.fee)/12)),"")} | AY4: {=IFERROR(_xlfn.LET(_xlpm.rate,INDEX('Mutual of Omaha-Graded'!$B$2:$E$37,MATCH($AE4,'Mutual of Omaha-Graded'!$A$2:$A$37,0),IF(LOWER(TRIM($F4))="male",IF(LOWER(TRIM($K4))="yes",2,1),IF(LOWER(TRIM($K4))="yes",4,3))),_xlpm.coverage,VALUE(SUBSTITUTE(SUBSTITUTE($S4,"$",""),",","")),_xlpm.base,_xlpm.rate*(_xlpm.coverage/1000),_xlpm.fee,_xlfn.XLOOKUP("Mutual of Omaha-Graded",Key!$B$1:$U$1,Key!$B$2:$U$2,0),_xlpm.mf,_xlfn.XLOOKUP("Mutual of Omaha-Graded",Key!$B$1:$U$1,Key!$B$3:$U$3,0),IF(_xlpm.mf>0,(_xlpm.base+_xlpm.fee)*_xlpm.mf,(_xlpm.base+_xlpm.fee)/12)),"")} | AZ4: =AP4 | BA4: =IFERROR(IF(AND(AP4>0,AP4<VALUE(SUBSTITUTE(SUBSTITUTE($T4,"$",""),",",""))),VALUE(SUBSTITUTE(SUBSTITUTE($T4,"$",""),",",""))-AP4,""),"") | BB4: =AL4 | BC4: =IFERROR(IF(AND(AL4>0,AL4<VALUE(SUBSTITUTE(SUBSTITUTE($T4,"$",""),",",""))),VALUE(SUBSTITUTE(SUBSTITUTE($T4,"$",""),",",""))-AL4,""),"") | BD4: {=IFERROR(_xlfn.LET(_xlpm.current,VALUE(SUBSTITUTE(SUBSTITUTE($T4,"$",""),",","")),_xlpm.quotes,AF4:AY4,_xlpm.lowest,_xlfn.MINIFS(_xlpm.quotes,_xlpm.quotes,"<"&_xlpm.current,_xlpm.quotes,">0"),IF(_xlpm.lowest="","",SUBSTITUTE(INDEX($AF$1:$AY$1,1,MATCH(_xlpm.lowest,_xlpm.quotes,0))," Monthly Quote",""))),"")} | BE4: {=IFERROR(_xlfn.LET(_xlpm.current,VALUE(SUBSTITUTE(SUBSTITUTE($T4,"$",""),",","")),_xlpm.quotes,AF4:AY4,_xlpm.lowest,_xlfn.MINIFS(_xlpm.quotes,_xlpm.quotes,"<"&_xlpm.current,_xlpm.quotes,">0"),IF(_xlpm.lowest="","",_xlpm.current-_xlpm.lowest)),"")}
A5: Bessie | B5: Kincade | C5: 3149213664 | D5: 76 | E5: 18041 | F5: Female | G5: 14813 Frais Dr Florissant, MO 63034, | H5: MS | I5: 5.4 | J5: 125 | K5: No | L5: NA | M5: Cremation | N5: Arthur Kincade third | O5: Son | P5: Tracey Jackson 06/15/1968 | Q5: Daughter | R5: Senior Life | S5: 7000 | T5: 56.24 | U5: 45994 | V5: 46027 | W5: 486549843 | X5: NA | Y5: First Community Credit Union | Z5: 281081877 | AA5: 12528008 | AB5: NA | AC5: NA | AD5: Yolanda E Bledsoe, MD | AE5: 77 | AF5: {=IFERROR(_xlfn.LET(_xlpm.rate,INDEX(aflac!$B$2:$E$37,MATCH($AE5,aflac!$A$2:$A$37,0),IF(LOWER(TRIM($F5))="male",IF(LOWER(TRIM($K5))="yes",2,1),IF(LOWER(TRIM($K5))="yes",4,3))),_xlpm.coverage,VALUE(SUBSTITUTE(SUBSTITUTE($S5,"$",""),",","")),_xlpm.base,_xlpm.rate*(_xlpm.coverage/1000),_xlpm.fee,_xlfn.XLOOKUP("aflac",Key!$B$1:$U$1,Key!$B$2:$U$2,0),_xlpm.mf,_xlfn.XLOOKUP("aflac",Key!$B$1:$U$1,Key!$B$3:$U$3,0),IF(_xlpm.mf>0,(_xlpm.base+_xlpm.fee)*_xlpm.mf,(_xlpm.base+_xlpm.fee)/12)),"")} | AG5: {=IFERROR(_xlfn.LET(_xlpm.rate,INDEX('aflac-modified'!$B$2:$C$32,MATCH($AE5,'aflac-modified'!$A$2:$A$32,0),IF(LOWER(TRIM($F5))="male",1,2)),_xlpm.coverage,VALUE(SUBSTITUTE(SUBSTITUTE($S5,"$",""),",","")),_xlpm.base,_xlpm.rate*(_xlpm.coverage/1000),_xlpm.fee,_xlfn.XLOOKUP("aflac-modified",Key!$B$1:$U$1,Key!$B$2:$U$2,0),_xlpm.mf,_xlfn.XLOOKUP("aflac-modified",Key!$B$1:$U$1,Key!$B$3:$U$3,0),IF(_xlpm.mf>0,(_xlpm.base+_xlpm.fee)*_xlpm.mf,(_xlpm.base+_xlpm.fee)/12)),"")} | AH5: {=IFERROR(_xlfn.LET(_xlpm.rate,INDEX(SBLI!$B$2:$E$37,MATCH($AE5,SBLI!$A$2:$A$37,0),IF(LOWER(TRIM($F5))="male",IF(LOWER(TRIM($K5))="yes",2,1),IF(LOWER(TRIM($K5))="yes",4,3))),_xlpm.coverage,VALUE(SUBSTITUTE(SUBSTITUTE($S5,"$",""),",","")),_xlpm.base,_xlpm.rate*(_xlpm.coverage/1000),_xlpm.fee,_xlfn.XLOOKUP("SBLI",Key!$B$1:$U$1,Key!$B$2:$U$2,0),_xlpm.mf,_xlfn.XLOOKUP("SBLI",Key!$B$1:$U$1,Key!$B$3:$U$3,0),IF(_xlpm.mf>0,(_xlpm.base+_xlpm.fee)*_xlpm.mf,(_xlpm.base+_xlpm.fee)/12)),"")} | AI5: {=IFERROR(_xlfn.LET(_xlpm.rate,INDEX('SBLI-Modified'!$B$2:$E$27,MATCH($AE5,'SBLI-Modified'!$A$2:$A$27,0),IF(LOWER(TRIM($F5))="male",IF(LOWER(TRIM($K5))="yes",2,1),IF(LOWER(TRIM($K5))="yes",4,3))),_xlpm.coverage,VALUE(SUBSTITUTE(SUBSTITUTE($S5,"$",""),",","")),_xlpm.base,_xlpm.rate*(_xlpm.coverage/1000),_xlpm.fee,_xlfn.XLOOKUP("SBLI-Modified",Key!$B$1:$U$1,Key!$B$2:$U$2,0),_xlpm.mf,_xlfn.XLOOKUP("SBLI-Modified",Key!$B$1:$U$1,Key!$B$3:$U$3,0),IF(_xlpm.mf>0,(_xlpm.base+_xlpm.fee)*_xlpm.mf,(_xlpm.base+_xlpm.fee)/12)),"")} | AJ5: {=IFERROR(_xlfn.LET(_xlpm.rate,INDEX(CICA!$B$2:$C$42,MATCH($AE5,CICA!$A$2:$A$42,0),IF(LOWER(TRIM($F5))="male",1,2)),_xlpm.coverage,VALUE(SUBSTITUTE(SUBSTITUTE($S5,"$",""),",","")),_xlpm.base,_xlpm.rate*(_xlpm.coverage/1000),_xlpm.fee,_xlfn.XLOOKUP("CICA",Key!$B$1:$U$1,Key!$B$2:$U$2,0),_xlpm.mf,_xlfn.XLOOKUP("CICA",Key!$B$1:$U$1,Key!$B$3:$U$3,0),IF(_xlpm.mf>0,(_xlpm.base+_xlpm.fee)*_xlpm.mf,(_xlpm.base+_xlpm.fee)/12)),"")} | AK5: {=IFERROR(_xlfn.LET(_xlpm.rate,INDEX('CICA-GI'!$B$2:$C$47,MATCH($AE5,'CICA-GI'!$A$2:$A$47,0),IF(LOWER(TRIM($F5))="male",1,2)),_xlpm.coverage,VALUE(SUBSTITUTE(SUBSTITUTE($S5,"$",""),",","")),_xlpm.base,_xlpm.rate*(_xlpm.coverage/1000),_xlpm.fee,_xlfn.XLOOKUP("CICA-GI",Key!$B$1:$U$1,Key!$B$2:$U$2,0),_xlpm.mf,_xlfn.XLOOKUP("CICA-GI",Key!$B$1:$U$1,Key!$B$3:$U$3,0),IF(_xlpm.mf>0,(_xlpm.base+_xlpm.fee)*_xlpm.mf,(_xlpm.base+_xlpm.fee)/12)),"")} | AL5: {=IFERROR(_xlfn.LET(_xlpm.rate,INDEX(gtl!$B$2:$C$52,MATCH($AE5,gtl!$A$2:$A$52,0),IF(LOWER(TRIM($F5))="male",1,2)),_xlpm.coverage,VALUE(SUBSTITUTE(SUBSTITUTE($S5,"$",""),",","")),_xlpm.base,_xlpm.rate*(_xlpm.coverage/1000),_xlpm.fee,_xlfn.XLOOKUP("gtl",Key!$B$1:$U$1,Key!$B$2:$U$2,0),_xlpm.mf,_xlfn.XLOOKUP("gtl",Key!$B$1:$U$1,Key!$B$3:$U$3,0),IF(_xlpm.mf>0,(_xlpm.base+_xlpm.fee)*_xlpm.mf,(_xlpm.base+_xlpm.fee)/12)),"")} | AM5: {=IFERROR(_xlfn.LET(_xlpm.rate,INDEX(TransAmerica!$B$2:$E$69,MATCH($AE5,TransAmerica!$A$2:$A$69,0),IF(LOWER(TRIM($F5))="male",IF(LOWER(TRIM($K5))="yes",2,1),IF(LOWER(TRIM($K5))="yes",4,3))),_xlpm.coverage,VALUE(SUBSTITUTE(SUBSTITUTE($S5,"$",""),",","")),_xlpm.base,_xlpm.rate*(_xlpm.coverage/1000),_xlpm.fee,_xlfn.XLOOKUP("TransAmerica",Key!$B$1:$U$1,Key!$B$2:$U$2,0),_xlpm.mf,_xlfn.XLOOKUP("TransAmerica",Key!$B$1:$U$1,Key!$B$3:$U$3,0),IF(_xlpm.mf>0,(_xlpm.base+_xlpm.fee)*_xlpm.mf,(_xlpm.base+_xlpm.fee)/12)),"")} | AN5: {=IFERROR(_xlfn.LET(_xlpm.rate,INDEX('TransAmerica Graded'!$B$2:$E$64,MATCH($AE5,'TransAmerica Graded'!$A$2:$A$64,0),IF(LOWER(TRIM($F5))="male",IF(LOWER(TRIM($K5))="yes",2,1),IF(LOWER(TRIM($K5))="yes",4,3))),_xlpm.coverage,VALUE(SUBSTITUTE(SUBSTITUTE($S5,"$",""),",","")),_xlpm.base,_xlpm.rate*(_xlpm.coverage/1000),_xlpm.fee,_xlfn.XLOOKUP("TransAmerica Graded",Key!$B$1:$U$1,Key!$B$2:$U$2,0),_xlpm.mf,_xlfn.XLOOKUP("TransAmerica Graded",Key!$B$1:$U$1,Key!$B$3:$U$3,0),IF(_xlpm.mf>0,(_xlpm.base+_xlpm.fee)*_xlpm.mf,(_xlpm.base+_xlpm.fee)/12)),"")} | AO5: {=IFERROR(_xlfn.LET(_xlpm.rate,INDEX(Corebridge!$B$2:$C$32,MATCH($AE5,Corebridge!$A$2:$A$32,0),IF(LOWER(TRIM($F5))="male",1,2)),_xlpm.coverage,VALUE(SUBSTITUTE(SUBSTITUTE($S5,"$",""),",","")),_xlpm.base,_xlpm.rate*(_xlpm.coverage/1000),_xlpm.fee,_xlfn.XLOOKUP("Corebridge",Key!$B$1:$U$1,Key!$B$2:$U$2,0),_xlpm.mf,_xlfn.XLOOKUP("Corebridge",Key!$B$1:$U$1,Key!$B$3:$U$3,0),IF(_xlpm.mf>0,(_xlpm.base+_xlpm.fee)*_xlpm.mf,(_xlpm.base+_xlpm.fee)/12)),"")} | AP5: {=IFERROR(_xlfn.LET(_xlpm.rate,INDEX(amam!$B$2:$E$37,MATCH($AE5,amam!$A$2:$A$37,0),IF(LOWER(TRIM($F5))="male",IF(LOWER(TRIM($K5))="yes",2,1),IF(LOWER(TRIM($K5))="yes",4,3))),_xlpm.coverage,VALUE(SUBSTITUTE(SUBSTITUTE($S5,"$",""),",","")),_xlpm.base,_xlpm.rate*(_xlpm.coverage/1000),_xlpm.fee,_xlfn.XLOOKUP("amam",Key!$B$1:$U$1,Key!$B$2:$U$2,0),_xlpm.mf,_xlfn.XLOOKUP("amam",Key!$B$1:$U$1,Key!$B$3:$U$3,0),IF(_xlpm.mf>0,(_xlpm.base+_xlpm.fee)*_xlpm.mf,(_xlpm.base+_xlpm.fee)/12)),"")} | AQ5: {=IFERROR(_xlfn.LET(_xlpm.rate,INDEX('amam-graded'!$B$2:$E$37,MATCH($AE5,'amam-graded'!$A$2:$A$37,0),IF(LOWER(TRIM($F5))="male",IF(LOWER(TRIM($K5))="yes",2,1),IF(LOWER(TRIM($K5))="yes",4,3))),_xlpm.coverage,VALUE(SUBSTITUTE(SUBSTITUTE($S5,"$",""),",","")),_xlpm.base,_xlpm.rate*(_xlpm.coverage/1000),_xlpm.fee,_xlfn.XLOOKUP("amam-graded",Key!$B$1:$U$1,Key!$B$2:$U$2,0),_xlpm.mf,_xlfn.XLOOKUP("amam-graded",Key!$B$1:$U$1,Key!$B$3:$U$3,0),IF(_xlpm.mf>0,(_xlpm.base+_xlpm.fee)*_xlpm.mf,(_xlpm.base+_xlpm.fee)/12)),"")} | AR5: {=IFERROR(_xlfn.LET(_xlpm.rate,INDEX('amam-return-or-premium'!$B$2:$E$37,MATCH($AE5,'amam-return-or-premium'!$A$2:$A$37,0),IF(LOWER(TRIM($F5))="male",IF(LOWER(TRIM($K5))="yes",2,1),IF(LOWER(TRIM($K5))="yes",4,3))),_xlpm.coverage,VALUE(SUBSTITUTE(SUBSTITUTE($S5,"$",""),",","")),_xlpm.base,_xlpm.rate*(_xlpm.coverage/1000),_xlpm.fee,_xlfn.XLOOKUP("amam-return-or-premium",Key!$B$1:$U$1,Key!$B$2:$U$2,0),_xlpm.mf,_xlfn.XLOOKUP("amam-return-or-premium",Key!$B$1:$U$1,Key!$B$3:$U$3,0),IF(_xlpm.mf>0,(_xlpm.base+_xlpm.fee)*_xlpm.mf,(_xlpm.base+_xlpm.fee)/12)),"")} | AS5: {=IFERROR(_xlfn.LET(_xlpm.rate,INDEX(AHL!$B$2:$E$37,MATCH($AE5,AHL!$A$2:$A$37,0),IF(LOWER(TRIM($F5))="male",IF(LOWER(TRIM($K5))="yes",2,1),IF(LOWER(TRIM($K5))="yes",4,3))),_xlpm.coverage,VALUE(SUBSTITUTE(SUBSTITUTE($S5,"$",""),",","")),_xlpm.base,_xlpm.rate*(_xlpm.coverage/1000),_xlpm.fee,_xlfn.XLOOKUP("AHL",Key!$B$1:$U$1,Key!$B$2:$U$2,0),_xlpm.mf,_xlfn.XLOOKUP("AHL",Key!$B$1:$U$1,Key!$B$3:$U$3,0),IF(_xlpm.mf>0,(_xlpm.base+_xlpm.fee)*_xlpm.mf,(_xlpm.base+_xlpm.fee)/12)),"")} | AT5: {=IFERROR(_xlfn.LET(_xlpm.rate,INDEX('AHL-Graded'!$B$2:$E$32,MATCH($AE5,'AHL-Graded'!$A$2:$A$32,0),IF(LOWER(TRIM($F5))="male",IF(LOWER(TRIM($K5))="yes",2,1),IF(LOWER(TRIM($K5))="yes",4,3))),_xlpm.coverage,VALUE(SUBSTITUTE(SUBSTITUTE($S5,"$",""),",","")),_xlpm.base,_xlpm.rate*(_xlpm.coverage/1000),_xlpm.fee,_xlfn.XLOOKUP("AHL-Graded",Key!$B$1:$U$1,Key!$B$2:$U$2,0),_xlpm.mf,_xlfn.XLOOKUP("AHL-Graded",Key!$B$1:$U$1,Key!$B$3:$U$3,0),IF(_xlpm.mf>0,(_xlpm.base+_xlpm.fee)*_xlpm.mf,(_xlpm.base+_xlpm.fee)/12)),"")} | AU5: {=IFERROR(_xlfn.LET(_xlpm.rate,INDEX('Royal Neighbors'!$B$2:$E$37,MATCH($AE5,'Royal Neighbors'!$A$2:$A$37,0),IF(LOWER(TRIM($F5))="male",IF(LOWER(TRIM($K5))="yes",2,1),IF(LOWER(TRIM($K5))="yes",4,3))),_xlpm.coverage,VALUE(SUBSTITUTE(SUBSTITUTE($S5,"$",""),",","")),_xlpm.base,_xlpm.rate*(_xlpm.coverage/1000),_xlpm.fee,_xlfn.XLOOKUP("Royal Neighbors",Key!$B$1:$U$1,Key!$B$2:$U$2,0),_xlpm.mf,_xlfn.XLOOKUP("Royal Neighbors",Key!$B$1:$U$1,Key!$B$3:$U$3,0),IF(_xlpm.mf>0,(_xlpm.base+_xlpm.fee)*_xlpm.mf,(_xlpm.base+_xlpm.fee)/12)),"")} | AV5: {=IFERROR(_xlfn.LET(_xlpm.rate,INDEX('Royal Neighbors-Graded'!$B$2:$E$37,MATCH($AE5,'Royal Neighbors-Graded'!$A$2:$A$37,0),IF(LOWER(TRIM($F5))="male",IF(LOWER(TRIM($K5))="yes",2,1),IF(LOWER(TRIM($K5))="yes",4,3))),_xlpm.coverage,VALUE(SUBSTITUTE(SUBSTITUTE($S5,"$",""),",","")),_xlpm.base,_xlpm.rate*(_xlpm.coverage/1000),_xlpm.fee,_xlfn.XLOOKUP("Royal Neighbors-Graded",Key!$B$1:$U$1,Key!$B$2:$U$2,0),_xlpm.mf,_xlfn.XLOOKUP("Royal Neighbors-Graded",Key!$B$1:$U$1,Key!$B$3:$U$3,0),IF(_xlpm.mf>0,(_xlpm.base+_xlpm.fee)*_xlpm.mf,(_xlpm.base+_xlpm.fee)/12)),"")} | AW5: {=IFERROR(_xlfn.LET(_xlpm.rate,INDEX('Gerber-GI'!$B$2:$C$32,MATCH($AE5,'Gerber-GI'!$A$2:$A$32,0),IF(LOWER(TRIM($F5))="male",1,2)),_xlpm.coverage,VALUE(SUBSTITUTE(SUBSTITUTE($S5,"$",""),",","")),_xlpm.base,_xlpm.rate*(_xlpm.coverage/1000),_xlpm.fee,_xlfn.XLOOKUP("Gerber-GI",Key!$B$1:$U$1,Key!$B$2:$U$2,0),_xlpm.mf,_xlfn.XLOOKUP("Gerber-GI",Key!$B$1:$U$1,Key!$B$3:$U$3,0),IF(_xlpm.mf>0,(_xlpm.base+_xlpm.fee)*_xlpm.mf,(_xlpm.base+_xlpm.fee)/12)),"")} | AX5: {=IFERROR(_xlfn.LET(_xlpm.rate,INDEX('Mutual of Omaha'!$B$2:$E$42,MATCH($AE5,'Mutual of Omaha'!$A$2:$A$42,0),IF(LOWER(TRIM($F5))="male",IF(LOWER(TRIM($K5))="yes",2,1),IF(LOWER(TRIM($K5))="yes",4,3))),_xlpm.coverage,VALUE(SUBSTITUTE(SUBSTITUTE($S5,"$",""),",","")),_xlpm.base,_xlpm.rate*(_xlpm.coverage/1000),_xlpm.fee,_xlfn.XLOOKUP("Mutal of Omaha",Key!$B$1:$U$1,Key!$B$2:$U$2,0),_xlpm.mf,_xlfn.XLOOKUP("Mutal of Omaha",Key!$B$1:$U$1,Key!$B$3:$U$3,0),IF(_xlpm.mf>0,(_xlpm.base+_xlpm.fee)*_xlpm.mf,(_xlpm.base+_xlpm.fee)/12)),"")} | AY5: {=IFERROR(_xlfn.LET(_xlpm.rate,INDEX('Mutual of Omaha-Graded'!$B$2:$E$37,MATCH($AE5,'Mutual of Omaha-Graded'!$A$2:$A$37,0),IF(LOWER(TRIM($F5))="male",IF(LOWER(TRIM($K5))="yes",2,1),IF(LOWER(TRIM($K5))="yes",4,3))),_xlpm.coverage,VALUE(SUBSTITUTE(SUBSTITUTE($S5,"$",""),",","")),_xlpm.base,_xlpm.rate*(_xlpm.coverage/1000),_xlpm.fee,_xlfn.XLOOKUP("Mutual of Omaha-Graded",Key!$B$1:$U$1,Key!$B$2:$U$2,0),_xlpm.mf,_xlfn.XLOOKUP("Mutual of Omaha-Graded",Key!$B$1:$U$1,Key!$B$3:$U$3,0),IF(_xlpm.mf>0,(_xlpm.base+_xlpm.fee)*_xlpm.mf,(_xlpm.base+_xlpm.fee)/12)),"")} | AZ5: =AP5 | BA5: =IFERROR(IF(AND(AP5>0,AP5<VALUE(SUBSTITUTE(SUBSTITUTE($T5,"$",""),",",""))),VALUE(SUBSTITUTE(SUBSTITUTE($T5,"$",""),",",""))-AP5,""),"") | BB5: =AL5 | BC5: =IFERROR(IF(AND(AL5>0,AL5<VALUE(SUBSTITUTE(SUBSTITUTE($T5,"$",""),",",""))),VALUE(SUBSTITUTE(SUBSTITUTE($T5,"$",""),",",""))-AL5,""),"") | BD5: {=IFERROR(_xlfn.LET(_xlpm.current,VALUE(SUBSTITUTE(SUBSTITUTE($T5,"$",""),",","")),_xlpm.quotes,AF5:AY5,_xlpm.lowest,_xlfn.MINIFS(_xlpm.quotes,_xlpm.quotes,"<"&_xlpm.current,_xlpm.quotes,">0"),IF(_xlpm.lowest="","",SUBSTITUTE(INDEX($AF$1:$AY$1,1,MATCH(_xlpm.lowest,_xlpm.quotes,0))," Monthly Quote",""))),"")} | BE5: {=IFERROR(_xlfn.LET(_xlpm.current,VALUE(SUBSTITUTE(SUBSTITUTE($T5,"$",""),",","")),_xlpm.quotes,AF5:AY5,_xlpm.lowest,_xlfn.MINIFS(_xlpm.quotes,_xlpm.quotes,"<"&_xlpm.current,_xlpm.quotes,">0"),IF(_xlpm.lowest="","",_xlpm.current-_xlpm.lowest)),"")}
A6: Nancy | B6: Franzwa | C6: 8159620911 | D6: 84 | E6: 1941-11-16 | F6: Female | K6: No | R6: Transamerica | S6: 2500 | T6: 48.64 | U6: 2025-11-20 | AE6: 84 | AF6: {=IFERROR(_xlfn.LET(_xlpm.rate,INDEX(aflac!$B$2:$E$37,MATCH($AE6,aflac!$A$2:$A$37,0),IF(LOWER(TRIM($F6))="male",IF(LOWER(TRIM($K6))="yes",2,1),IF(LOWER(TRIM($K6))="yes",4,3))),_xlpm.coverage,VALUE(SUBSTITUTE(SUBSTITUTE($S6,"$",""),",","")),_xlpm.base,_xlpm.rate*(_xlpm.coverage/1000),_xlpm.fee,_xlfn.XLOOKUP("aflac",Key!$B$1:$U$1,Key!$B$2:$U$2,0),_xlpm.mf,_xlfn.XLOOKUP("aflac",Key!$B$1:$U$1,Key!$B$3:$U$3,0),IF(_xlpm.mf>0,(_xlpm.base+_xlpm.fee)*_xlpm.mf,(_xlpm.base+_xlpm.fee)/12)),"")} | AG6: {=IFERROR(_xlfn.LET(_xlpm.rate,INDEX('aflac-modified'!$B$2:$C$32,MATCH($AE6,'aflac-modified'!$A$2:$A$32,0),IF(LOWER(TRIM($F6))="male",1,2)),_xlpm.coverage,VALUE(SUBSTITUTE(SUBSTITUTE($S6,"$",""),",","")),_xlpm.base,_xlpm.rate*(_xlpm.coverage/1000),_xlpm.fee,_xlfn.XLOOKUP("aflac-modified",Key!$B$1:$U$1,Key!$B$2:$U$2,0),_xlpm.mf,_xlfn.XLOOKUP("aflac-modified",Key!$B$1:$U$1,Key!$B$3:$U$3,0),IF(_xlpm.mf>0,(_xlpm.base+_xlpm.fee)*_xlpm.mf,(_xlpm.base+_xlpm.fee)/12)),"")} | AH6: 53.14 | AI6: {=IFERROR(_xlfn.LET(_xlpm.rate,INDEX('SBLI-Modified'!$B$2:$E$27,MATCH($AE6,'SBLI-Modified'!$A$2:$A$27,0),IF(LOWER(TRIM($F6))="male",IF(LOWER(TRIM($K6))="yes",2,1),IF(LOWER(TRIM($K6))="yes",4,3))),_xlpm.coverage,VALUE(SUBSTITUTE(SUBSTITUTE($S6,"$",""),",","")),_xlpm.base,_xlpm.rate*(_xlpm.coverage/1000),_xlpm.fee,_xlfn.XLOOKUP("SBLI-Modified",Key!$B$1:$U$1,Key!$B$2:$U$2,0),_xlpm.mf,_xlfn.XLOOKUP("SBLI-Modified",Key!$B$1:$U$1,Key!$B$3:$U$3,0),IF(_xlpm.mf>0,(_xlpm.base+_xlpm.fee)*_xlpm.mf,(_xlpm.base+_xlpm.fee)/12)),"")} | AJ6: 48.04 | AK6: 48.04 | AL6: 56.08 | AM6: 51.18 | AN6: 51.18 | AO6: {=IFERROR(_xlfn.LET(_xlpm.rate,INDEX(Corebridge!$B$2:$C$32,MATCH($AE6,Corebridge!$A$2:$A$32,0),IF(LOWER(TRIM($F6))="male",1,2)),_xlpm.coverage,VALUE(SUBSTITUTE(SUBSTITUTE($S6,"$",""),",","")),_xlpm.base,_xlpm.rate*(_xlpm.coverage/1000),_xlpm.fee,_xlfn.XLOOKUP("Corebridge",Key!$B$1:$U$1,Key!$B$2:$U$2,0),_xlpm.mf,_xlfn.XLOOKUP("Corebridge",Key!$B$1:$U$1,Key!$B$3:$U$3,0),IF(_xlpm.mf>0,(_xlpm.base+_xlpm.fee)*_xlpm.mf,(_xlpm.base+_xlpm.fee)/12)),"")} | AP6: 40.26 | AQ6: 40.26 | AR6: 40.26 | AS6: 50.77 | AT6: 50.77 | AU6: 37.23 | AV6: 37.23 | AW6: {=IFERROR(_xlfn.LET(_xlpm.rate,INDEX('Gerber-GI'!$B$2:$C$32,MATCH($AE6,'Gerber-GI'!$A$2:$A$32,0),IF(LOWER(TRIM($F6))="male",1,2)),_xlpm.coverage,VALUE(SUBSTITUTE(SUBSTITUTE($S6,"$",""),",","")),_xlpm.base,_xlpm.rate*(_xlpm.coverage/1000),_xlpm.fee,_xlfn.XLOOKUP("Gerber-GI",Key!$B$1:$U$1,Key!$B$2:$U$2,0),_xlpm.mf,_xlfn.XLOOKUP("Gerber-GI",Key!$B$1:$U$1,Key!$B$3:$U$3,0),IF(_xlpm.mf>0,(_xlpm.base+_xlpm.fee)*_xlpm.mf,(_xlpm.base+_xlpm.fee)/12)),"")} | AX6: 34.54 | AY6: 34.54 | AZ6: 40.26 | BA6: 8.38 | BB6: 56.08 | BC6: =IFERROR(IF(AND(AL6>0,AL6<VALUE(SUBSTITUTE(SUBSTITUTE($T6,"$",""),",",""))),VALUE(SUBSTITUTE(SUBSTITUTE($T6,"$",""),",",""))-AL6,""),"") | BD6: Mutual of Omaha | BE6: 14.1
A7: Alda D | B7: Johnson | C7: 9108935515 | D7: 81 | E7: 16016 | F7: Female | G7: 140 Kershaw Rd Lillington, NC 27546 | H7: NC | I7: 5.2 | J7: 170 | K7: No | M7: Burial | N7: Praci Farmer | O7: Daughter | R7: Senior Life | S7: 10000 | T7: 108.57 | U7: 45987 | V7: 46015 | W7: 244746233 | X7: N/A | Y7: State Employees Credit Union | Z7: 253177049 | AA7: 29073721 | AB7: Diabetes | AC7: Metformin gemtesa Atorvastatin Glipizide Losartan | AD7: N/A | AE7: 82 | AF7: {=IFERROR(_xlfn.LET(_xlpm.rate,INDEX(aflac!$B$2:$E$37,MATCH($AE7,aflac!$A$2:$A$37,0),IF(LOWER(TRIM($F7))="male",IF(LOWER(TRIM($K7))="yes",2,1),IF(LOWER(TRIM($K7))="yes",4,3))),_xlpm.coverage,VALUE(SUBSTITUTE(SUBSTITUTE($S7,"$",""),",","")),_xlpm.base,_xlpm.rate*(_xlpm.coverage/1000),_xlpm.fee,_xlfn.XLOOKUP("aflac",Key!$B$1:$U$1,Key!$B$2:$U$2,0),_xlpm.mf,_xlfn.XLOOKUP("aflac",Key!$B$1:$U$1,Key!$B$3:$U$3,0),IF(_xlpm.mf>0,(_xlpm.base+_xlpm.fee)*_xlpm.mf,(_xlpm.base+_xlpm.fee)/12)),"")} | AG7: {=IFERROR(_xlfn.LET(_xlpm.rate,INDEX('aflac-modified'!$B$2:$C$32,MATCH($AE7,'aflac-modified'!$A$2:$A$32,0),IF(LOWER(TRIM($F7))="male",1,2)),_xlpm.coverage,VALUE(SUBSTITUTE(SUBSTITUTE($S7,"$",""),",","")),_xlpm.base,_xlpm.rate*(_xlpm.coverage/1000),_xlpm.fee,_xlfn.XLOOKUP("aflac-modified",Key!$B$1:$U$1,Key!$B$2:$U$2,0),_xlpm.mf,_xlfn.XLOOKUP("aflac-modified",Key!$B$1:$U$1,Key!$B$3:$U$3,0),IF(_xlpm.mf>0,(_xlpm.base+_xlpm.fee)*_xlpm.mf,(_xlpm.base+_xlpm.fee)/12)),"")} | AH7: {=IFERROR(_xlfn.LET(_xlpm.rate,INDEX(SBLI!$B$2:$E$37,MATCH($AE7,SBLI!$A$2:$A$37,0),IF(LOWER(TRIM($F7))="male",IF(LOWER(TRIM($K7))="yes",2,1),IF(LOWER(TRIM($K7))="yes",4,3))),_xlpm.coverage,VALUE(SUBSTITUTE(SUBSTITUTE($S7,"$",""),",","")),_xlpm.base,_xlpm.rate*(_xlpm.coverage/1000),_xlpm.fee,_xlfn.XLOOKUP("SBLI",Key!$B$1:$U$1,Key!$B$2:$U$2,0),_xlpm.mf,_xlfn.XLOOKUP("SBLI",Key!$B$1:$U$1,Key!$B$3:$U$3,0),IF(_xlpm.mf>0,(_xlpm.base+_xlpm.fee)*_xlpm.mf,(_xlpm.base+_xlpm.fee)/12)),"")} | AI7: {=IFERROR(_xlfn.LET(_xlpm.rate,INDEX('SBLI-Modified'!$B$2:$E$27,MATCH($AE7,'SBLI-Modified'!$A$2:$A$27,0),IF(LOWER(TRIM($F7))="male",IF(LOWER(TRIM($K7))="yes",2,1),IF(LOWER(TRIM($K7))="yes",4,3))),_xlpm.coverage,VALUE(SUBSTITUTE(SUBSTITUTE($S7,"$",""),",","")),_xlpm.base,_xlpm.rate*(_xlpm.coverage/1000),_xlpm.fee,_xlfn.XLOOKUP("SBLI-Modified",Key!$B$1:$U$1,Key!$B$2:$U$2,0),_xlpm.mf,_xlfn.XLOOKUP("SBLI-Modified",Key!$B$1:$U$1,Key!$B$3:$U$3,0),IF(_xlpm.mf>0,(_xlpm.base+_xlpm.fee)*_xlpm.mf,(_xlpm.base+_xlpm.fee)/12)),"")} | AJ7: {=IFERROR(_xlfn.LET(_xlpm.rate,INDEX(CICA!$B$2:$C$42,MATCH($AE7,CICA!$A$2:$A$42,0),IF(LOWER(TRIM($F7))="male",1,2)),_xlpm.coverage,VALUE(SUBSTITUTE(SUBSTITUTE($S7,"$",""),",","")),_xlpm.base,_xlpm.rate*(_xlpm.coverage/1000),_xlpm.fee,_xlfn.XLOOKUP("CICA",Key!$B$1:$U$1,Key!$B$2:$U$2,0),_xlpm.mf,_xlfn.XLOOKUP("CICA",Key!$B$1:$U$1,Key!$B$3:$U$3,0),IF(_xlpm.mf>0,(_xlpm.base+_xlpm.fee)*_xlpm.mf,(_xlpm.base+_xlpm.fee)/12)),"")} | AK7: {=IFERROR(_xlfn.LET(_xlpm.rate,INDEX('CICA-GI'!$B$2:$C$47,MATCH($AE7,'CICA-GI'!$A$2:$A$47,0),IF(LOWER(TRIM($F7))="male",1,2)),_xlpm.coverage,VALUE(SUBSTITUTE(SUBSTITUTE($S7,"$",""),",","")),_xlpm.base,_xlpm.rate*(_xlpm.coverage/1000),_xlpm.fee,_xlfn.XLOOKUP("CICA-GI",Key!$B$1:$U$1,Key!$B$2:$U$2,0),_xlpm.mf,_xlfn.XLOOKUP("CICA-GI",Key!$B$1:$U$1,Key!$B$3:$U$3,0),IF(_xlpm.mf>0,(_xlpm.base+_xlpm.fee)*_xlpm.mf,(_xlpm.base+_xlpm.fee)/12)),"")} | AL7: {=IFERROR(_xlfn.LET(_xlpm.rate,INDEX(gtl!$B$2:$C$52,MATCH($AE7,gtl!$A$2:$A$52,0),IF(LOWER(TRIM($F7))="male",1,2)),_xlpm.coverage,VALUE(SUBSTITUTE(SUBSTITUTE($S7,"$",""),",","")),_xlpm.base,_xlpm.rate*(_xlpm.coverage/1000),_xlpm.fee,_xlfn.XLOOKUP("gtl",Key!$B$1:$U$1,Key!$B$2:$U$2,0),_xlpm.mf,_xlfn.XLOOKUP("gtl",Key!$B$1:$U$1,Key!$B$3:$U$3,0),IF(_xlpm.mf>0,(_xlpm.base+_xlpm.fee)*_xlpm.mf,(_xlpm.base+_xlpm.fee)/12)),"")} | AM7: {=IFERROR(_xlfn.LET(_xlpm.rate,INDEX(TransAmerica!$B$2:$E$69,MATCH($AE7,TransAmerica!$A$2:$A$69,0),IF(LOWER(TRIM($F7))="male",IF(LOWER(TRIM($K7))="yes",2,1),IF(LOWER(TRIM($K7))="yes",4,3))),_xlpm.coverage,VALUE(SUBSTITUTE(SUBSTITUTE($S7,"$",""),",","")),_xlpm.base,_xlpm.rate*(_xlpm.coverage/1000),_xlpm.fee,_xlfn.XLOOKUP("TransAmerica",Key!$B$1:$U$1,Key!$B$2:$U$2,0),_xlpm.mf,_xlfn.XLOOKUP("TransAmerica",Key!$B$1:$U$1,Key!$B$3:$U$3,0),IF(_xlpm.mf>0,(_xlpm.base+_xlpm.fee)*_xlpm.mf,(_xlpm.base+_xlpm.fee)/12)),"")} | AN7: {=IFERROR(_xlfn.LET(_xlpm.rate,INDEX('TransAmerica Graded'!$B$2:$E$64,MATCH($AE7,'TransAmerica Graded'!$A$2:$A$64,0),IF(LOWER(TRIM($F7))="male",IF(LOWER(TRIM($K7))="yes",2,1),IF(LOWER(TRIM($K7))="yes",4,3))),_xlpm.coverage,VALUE(SUBSTITUTE(SUBSTITUTE($S7,"$",""),",","")),_xlpm.base,_xlpm.rate*(_xlpm.coverage/1000),_xlpm.fee,_xlfn.XLOOKUP("TransAmerica Graded",Key!$B$1:$U$1,Key!$B$2:$U$2,0),_xlpm.mf,_xlfn.XLOOKUP("TransAmerica Graded",Key!$B$1:$U$1,Key!$B$3:$U$3,0),IF(_xlpm.mf>0,(_xlpm.base+_xlpm.fee)*_xlpm.mf,(_xlpm.base+_xlpm.fee)/12)),"")} | AO7: {=IFERROR(_xlfn.LET(_xlpm.rate,INDEX(Corebridge!$B$2:$C$32,MATCH($AE7,Corebridge!$A$2:$A$32,0),IF(LOWER(TRIM($F7))="male",1,2)),_xlpm.coverage,VALUE(SUBSTITUTE(SUBSTITUTE($S7,"$",""),",","")),_xlpm.base,_xlpm.rate*(_xlpm.coverage/1000),_xlpm.fee,_xlfn.XLOOKUP("Corebridge",Key!$B$1:$U$1,Key!$B$2:$U$2,0),_xlpm.mf,_xlfn.XLOOKUP("Corebridge",Key!$B$1:$U$1,Key!$B$3:$U$3,0),IF(_xlpm.mf>0,(_xlpm.base+_xlpm.fee)*_xlpm.mf,(_xlpm.base+_xlpm.fee)/12)),"")} | AP7: {=IFERROR(_xlfn.LET(_xlpm.rate,INDEX(amam!$B$2:$E$37,MATCH($AE7,amam!$A$2:$A$37,0),IF(LOWER(TRIM($F7))="male",IF(LOWER(TRIM($K7))="yes",2,1),IF(LOWER(TRIM($K7))="yes",4,3))),_xlpm.coverage,VALUE(SUBSTITUTE(SUBSTITUTE($S7,"$",""),",","")),_xlpm.base,_xlpm.rate*(_xlpm.coverage/1000),_xlpm.fee,_xlfn.XLOOKUP("amam",Key!$B$1:$U$1,Key!$B$2:$U$2,0),_xlpm.mf,_xlfn.XLOOKUP("amam",Key!$B$1:$U$1,Key!$B$3:$U$3,0),IF(_xlpm.mf>0,(_xlpm.base+_xlpm.fee)*_xlpm.mf,(_xlpm.base+_xlpm.fee)/12)),"")} | AQ7: {=IFERROR(_xlfn.LET(_xlpm.rate,INDEX('amam-graded'!$B$2:$E$37,MATCH($AE7,'amam-graded'!$A$2:$A$37,0),IF(LOWER(TRIM($F7))="male",IF(LOWER(TRIM($K7))="yes",2,1),IF(LOWER(TRIM($K7))="yes",4,3))),_xlpm.coverage,VALUE(SUBSTITUTE(SUBSTITUTE($S7,"$",""),",","")),_xlpm.base,_xlpm.rate*(_xlpm.coverage/1000),_xlpm.fee,_xlfn.XLOOKUP("amam-graded",Key!$B$1:$U$1,Key!$B$2:$U$2,0),_xlpm.mf,_xlfn.XLOOKUP("amam-graded",Key!$B$1:$U$1,Key!$B$3:$U$3,0),IF(_xlpm.mf>0,(_xlpm.base+_xlpm.fee)*_xlpm.mf,(_xlpm.base+_xlpm.fee)/12)),"")} | AR7: {=IFERROR(_xlfn.LET(_xlpm.rate,INDEX('amam-return-or-premium'!$B$2:$E$37,MATCH($AE7,'amam-return-or-premium'!$A$2:$A$37,0),IF(LOWER(TRIM($F7))="male",IF(LOWER(TRIM($K7))="yes",2,1),IF(LOWER(TRIM($K7))="yes",4,3))),_xlpm.coverage,VALUE(SUBSTITUTE(SUBSTITUTE($S7,"$",""),",","")),_xlpm.base,_xlpm.rate*(_xlpm.coverage/1000),_xlpm.fee,_xlfn.XLOOKUP("amam-return-or-premium",Key!$B$1:$U$1,Key!$B$2:$U$2,0),_xlpm.mf,_xlfn.XLOOKUP("amam-return-or-premium",Key!$B$1:$U$1,Key!$B$3:$U$3,0),IF(_xlpm.mf>0,(_xlpm.base+_xlpm.fee)*_xlpm.mf,(_xlpm.base+_xlpm.fee)/12)),"")} | AS7: {=IFERROR(_xlfn.LET(_xlpm.rate,INDEX(AHL!$B$2:$E$37,MATCH($AE7,AHL!$A$2:$A$37,0),IF(LOWER(TRIM($F7))="male",IF(LOWER(TRIM($K7))="yes",2,1),IF(LOWER(TRIM($K7))="yes",4,3))),_xlpm.coverage,VALUE(SUBSTITUTE(SUBSTITUTE($S7,"$",""),",","")),_xlpm.base,_xlpm.rate*(_xlpm.coverage/1000),_xlpm.fee,_xlfn.XLOOKUP("AHL",Key!$B$1:$U$1,Key!$B$2:$U$2,0),_xlpm.mf,_xlfn.XLOOKUP("AHL",Key!$B$1:$U$1,Key!$B$3:$U$3,0),IF(_xlpm.mf>0,(_xlpm.base+_xlpm.fee)*_xlpm.mf,(_xlpm.base+_xlpm.fee)/12)),"")} | AT7: {=IFERROR(_xlfn.LET(_xlpm.rate,INDEX('AHL-Graded'!$B$2:$E$32,MATCH($AE7,'AHL-Graded'!$A$2:$A$32,0),IF(LOWER(TRIM($F7))="male",IF(LOWER(TRIM($K7))="yes",2,1),IF(LOWER(TRIM($K7))="yes",4,3))),_xlpm.coverage,VALUE(SUBSTITUTE(SUBSTITUTE($S7,"$",""),",","")),_xlpm.base,_xlpm.rate*(_xlpm.coverage/1000),_xlpm.fee,_xlfn.XLOOKUP("AHL-Graded",Key!$B$1:$U$1,Key!$B$2:$U$2,0),_xlpm.mf,_xlfn.XLOOKUP("AHL-Graded",Key!$B$1:$U$1,Key!$B$3:$U$3,0),IF(_xlpm.mf>0,(_xlpm.base+_xlpm.fee)*_xlpm.mf,(_xlpm.base+_xlpm.fee)/12)),"")} | AU7: {=IFERROR(_xlfn.LET(_xlpm.rate,INDEX('Royal Neighbors'!$B$2:$E$37,MATCH($AE7,'Royal Neighbors'!$A$2:$A$37,0),IF(LOWER(TRIM($F7))="male",IF(LOWER(TRIM($K7))="yes",2,1),IF(LOWER(TRIM($K7))="yes",4,3))),_xlpm.coverage,VALUE(SUBSTITUTE(SUBSTITUTE($S7,"$",""),",","")),_xlpm.base,_xlpm.rate*(_xlpm.coverage/1000),_xlpm.fee,_xlfn.XLOOKUP("Royal Neighbors",Key!$B$1:$U$1,Key!$B$2:$U$2,0),_xlpm.mf,_xlfn.XLOOKUP("Royal Neighbors",Key!$B$1:$U$1,Key!$B$3:$U$3,0),IF(_xlpm.mf>0,(_xlpm.base+_xlpm.fee)*_xlpm.mf,(_xlpm.base+_xlpm.fee)/12)),"")} | AV7: {=IFERROR(_xlfn.LET(_xlpm.rate,INDEX('Royal Neighbors-Graded'!$B$2:$E$37,MATCH($AE7,'Royal Neighbors-Graded'!$A$2:$A$37,0),IF(LOWER(TRIM($F7))="male",IF(LOWER(TRIM($K7))="yes",2,1),IF(LOWER(TRIM($K7))="yes",4,3))),_xlpm.coverage,VALUE(SUBSTITUTE(SUBSTITUTE($S7,"$",""),",","")),_xlpm.base,_xlpm.rate*(_xlpm.coverage/1000),_xlpm.fee,_xlfn.XLOOKUP("Royal Neighbors-Graded",Key!$B$1:$U$1,Key!$B$2:$U$2,0),_xlpm.mf,_xlfn.XLOOKUP("Royal Neighbors-Graded",Key!$B$1:$U$1,Key!$B$3:$U$3,0),IF(_xlpm.mf>0,(_xlpm.base+_xlpm.fee)*_xlpm.mf,(_xlpm.base+_xlpm.fee)/12)),"")} | AW7: {=IFERROR(_xlfn.LET(_xlpm.rate,INDEX('Gerber-GI'!$B$2:$C$32,MATCH($AE7,'Gerber-GI'!$A$2:$A$32,0),IF(LOWER(TRIM($F7))="male",1,2)),_xlpm.coverage,VALUE(SUBSTITUTE(SUBSTITUTE($S7,"$",""),",","")),_xlpm.base,_xlpm.rate*(_xlpm.coverage/1000),_xlpm.fee,_xlfn.XLOOKUP("Gerber-GI",Key!$B$1:$U$1,Key!$B$2:$U$2,0),_xlpm.mf,_xlfn.XLOOKUP("Gerber-GI",Key!$B$1:$U$1,Key!$B$3:$U$3,0),IF(_xlpm.mf>0,(_xlpm.base+_xlpm.fee)*_xlpm.mf,(_xlpm.base+_xlpm.fee)/12)),"")} | AX7: {=IFERROR(_xlfn.LET(_xlpm.rate,INDEX('Mutual of Omaha'!$B$2:$E$42,MATCH($AE7,'Mutual of Omaha'!$A$2:$A$42,0),IF(LOWER(TRIM($F7))="male",IF(LOWER(TRIM($K7))="yes",2,1),IF(LOWER(TRIM($K7))="yes",4,3))),_xlpm.coverage,VALUE(SUBSTITUTE(SUBSTITUTE($S7,"$",""),",","")),_xlpm.base,_xlpm.rate*(_xlpm.coverage/1000),_xlpm.fee,_xlfn.XLOOKUP("Mutal of Omaha",Key!$B$1:$U$1,Key!$B$2:$U$2,0),_xlpm.mf,_xlfn.XLOOKUP("Mutal of Omaha",Key!$B$1:$U$1,Key!$B$3:$U$3,0),IF(_xlpm.mf>0,(_xlpm.base+_xlpm.fee)*_xlpm.mf,(_xlpm.base+_xlpm.fee)/12)),"")} | AY7: {=IFERROR(_xlfn.LET(_xlpm.rate,INDEX('Mutual of Omaha-Graded'!$B$2:$E$37,MATCH($AE7,'Mutual of Omaha-Graded'!$A$2:$A$37,0),IF(LOWER(TRIM($F7))="male",IF(LOWER(TRIM($K7))="yes",2,1),IF(LOWER(TRIM($K7))="yes",4,3))),_xlpm.coverage,VALUE(SUBSTITUTE(SUBSTITUTE($S7,"$",""),",","")),_xlpm.base,_xlpm.rate*(_xlpm.coverage/1000),_xlpm.fee,_xlfn.XLOOKUP("Mutual of Omaha-Graded",Key!$B$1:$U$1,Key!$B$2:$U$2,0),_xlpm.mf,_xlfn.XLOOKUP("Mutual of Omaha-Graded",Key!$B$1:$U$1,Key!$B$3:$U$3,0),IF(_xlpm.mf>0,(_xlpm.base+_xlpm.fee)*_xlpm.mf,(_xlpm.base+_xlpm.fee)/12)),"")} | AZ7: =AP7 | BA7: =IFERROR(IF(AND(AP7>0,AP7<VALUE(SUBSTITUTE(SUBSTITUTE($T7,"$",""),",",""))),VALUE(SUBSTITUTE(SUBSTITUTE($T7,"$",""),",",""))-AP7,""),"") | BB7: =AL7 | BC7: =IFERROR(IF(AND(AL7>0,AL7<VALUE(SUBSTITUTE(SUBSTITUTE($T7,"$",""),",",""))),VALUE(SUBSTITUTE(SUBSTITUTE($T7,"$",""),",",""))-AL7,""),"") | BD7: {=IFERROR(_xlfn.LET(_xlpm.current,VALUE(SUBSTITUTE(SUBSTITUTE($T7,"$",""),",","")),_xlpm.quotes,AF7:AY7,_xlpm.lowest,_xlfn.MINIFS(_xlpm.quotes,_xlpm.quotes,"<"&_xlpm.current,_xlpm.quotes,">0"),IF(_xlpm.lowest="","",SUBSTITUTE(INDEX($AF$1:$AY$1,1,MATCH(_xlpm.lowest,_xlpm.quotes,0))," Monthly Quote",""))),"")} | BE7: {=IFERROR(_xlfn.LET(_xlpm.current,VALUE(SUBSTITUTE(SUBSTITUTE($T7,"$",""),",","")),_xlpm.quotes,AF7:AY7,_xlpm.lowest,_xlfn.MINIFS(_xlpm.quotes,_xlpm.quotes,"<"&_xlpm.current,_xlpm.quotes,">0"),IF(_xlpm.lowest="","",_xlpm.current-_xlpm.lowest)),"")}
A8: Darrell L | B8: Smith | C8: 8643780056 | D8: 68 | E8: 20827 | F8: Male | G8: 6272 Highway 184 E Donalds SC 29638 | H8: SC | I8: 6.1 | J8: 165 | K8: yes | M8: Cremation | N8: William Blackwell (28) | O8: Step Son | P8: Paula Hinton (35) Kelly Darraugh (41) | Q8: Step Daughter | R8: securico | S8: 5000 | T8: 57.65 | U8: 45981 | V8: 46011 | W8: 250135063 | X8: no | Y8: Upstate Federal Credit Union | Z8: 253278197 | AA8: 419000000000 | AB8: no | AC8: 1 pill | AD8: Dr. Keith A. Scott | AE8: 69 | AF8: {=IFERROR(_xlfn.LET(_xlpm.rate,INDEX(aflac!$B$2:$E$37,MATCH($AE8,aflac!$A$2:$A$37,0),IF(LOWER(TRIM($F8))="male",IF(LOWER(TRIM($K8))="yes",2,1),IF(LOWER(TRIM($K8))="yes",4,3))),_xlpm.coverage,VALUE(SUBSTITUTE(SUBSTITUTE($S8,"$",""),",","")),_xlpm.base,_xlpm.rate*(_xlpm.coverage/1000),_xlpm.fee,_xlfn.XLOOKUP("aflac",Key!$B$1:$U$1,Key!$B$2:$U$2,0),_xlpm.mf,_xlfn.XLOOKUP("aflac",Key!$B$1:$U$1,Key!$B$3:$U$3,0),IF(_xlpm.mf>0,(_xlpm.base+_xlpm.fee)*_xlpm.mf,(_xlpm.base+_xlpm.fee)/12)),"")} | AG8: {=IFERROR(_xlfn.LET(_xlpm.rate,INDEX('aflac-modified'!$B$2:$C$32,MATCH($AE8,'aflac-modified'!$A$2:$A$32,0),IF(LOWER(TRIM($F8))="male",1,2)),_xlpm.coverage,VALUE(SUBSTITUTE(SUBSTITUTE($S8,"$",""),",","")),_xlpm.base,_xlpm.rate*(_xlpm.coverage/1000),_xlpm.fee,_xlfn.XLOOKUP("aflac-modified",Key!$B$1:$U$1,Key!$B$2:$U$2,0),_xlpm.mf,_xlfn.XLOOKUP("aflac-modified",Key!$B$1:$U$1,Key!$B$3:$U$3,0),IF(_xlpm.mf>0,(_xlpm.base+_xlpm.fee)*_xlpm.mf,(_xlpm.base+_xlpm.fee)/12)),"")} | AH8: {=IFERROR(_xlfn.LET(_xlpm.rate,INDEX(SBLI!$B$2:$E$37,MATCH($AE8,SBLI!$A$2:$A$37,0),IF(LOWER(TRIM($F8))="male",IF(LOWER(TRIM($K8))="yes",2,1),IF(LOWER(TRIM($K8))="yes",4,3))),_xlpm.coverage,VALUE(SUBSTITUTE(SUBSTITUTE($S8,"$",""),",","")),_xlpm.base,_xlpm.rate*(_xlpm.coverage/1000),_xlpm.fee,_xlfn.XLOOKUP("SBLI",Key!$B$1:$U$1,Key!$B$2:$U$2,0),_xlpm.mf,_xlfn.XLOOKUP("SBLI",Key!$B$1:$U$1,Key!$B$3:$U$3,0),IF(_xlpm.mf>0,(_xlpm.base+_xlpm.fee)*_xlpm.mf,(_xlpm.base+_xlpm.fee)/12)),"")} | AI8: {=IFERROR(_xlfn.LET(_xlpm.rate,INDEX('SBLI-Modified'!$B$2:$E$27,MATCH($AE8,'SBLI-Modified'!$A$2:$A$27,0),IF(LOWER(TRIM($F8))="male",IF(LOWER(TRIM($K8))="yes",2,1),IF(LOWER(TRIM($K8))="yes",4,3))),_xlpm.coverage,VALUE(SUBSTITUTE(SUBSTITUTE($S8,"$",""),",","")),_xlpm.base,_xlpm.rate*(_xlpm.coverage/1000),_xlpm.fee,_xlfn.XLOOKUP("SBLI-Modified",Key!$B$1:$U$1,Key!$B$2:$U$2,0),_xlpm.mf,_xlfn.XLOOKUP("SBLI-Modified",Key!$B$1:$U$1,Key!$B$3:$U$3,0),IF(_xlpm.mf>0,(_xlpm.base+_xlpm.fee)*_xlpm.mf,(_xlpm.base+_xlpm.fee)/12)),"")} | AJ8: {=IFERROR(_xlfn.LET(_xlpm.rate,INDEX(CICA!$B$2:$C$42,MATCH($AE8,CICA!$A$2:$A$42,0),IF(LOWER(TRIM($F8))="male",1,2)),_xlpm.coverage,VALUE(SUBSTITUTE(SUBSTITUTE($S8,"$",""),",","")),_xlpm.base,_xlpm.rate*(_xlpm.coverage/1000),_xlpm.fee,_xlfn.XLOOKUP("CICA",Key!$B$1:$U$1,Key!$B$2:$U$2,0),_xlpm.mf,_xlfn.XLOOKUP("CICA",Key!$B$1:$U$1,Key!$B$3:$U$3,0),IF(_xlpm.mf>0,(_xlpm.base+_xlpm.fee)*_xlpm.mf,(_xlpm.base+_xlpm.fee)/12)),"")} | AK8: {=IFERROR(_xlfn.LET(_xlpm.rate,INDEX('CICA-GI'!$B$2:$C$47,MATCH($AE8,'CICA-GI'!$A$2:$A$47,0),IF(LOWER(TRIM($F8))="male",1,2)),_xlpm.coverage,VALUE(SUBSTITUTE(SUBSTITUTE($S8,"$",""),",","")),_xlpm.base,_xlpm.rate*(_xlpm.coverage/1000),_xlpm.fee,_xlfn.XLOOKUP("CICA-GI",Key!$B$1:$U$1,Key!$B$2:$U$2,0),_xlpm.mf,_xlfn.XLOOKUP("CICA-GI",Key!$B$1:$U$1,Key!$B$3:$U$3,0),IF(_xlpm.mf>0,(_xlpm.base+_xlpm.fee)*_xlpm.mf,(_xlpm.base+_xlpm.fee)/12)),"")} | AL8: {=IFERROR(_xlfn.LET(_xlpm.rate,INDEX(gtl!$B$2:$C$52,MATCH($AE8,gtl!$A$2:$A$52,0),IF(LOWER(TRIM($F8))="male",1,2)),_xlpm.coverage,VALUE(SUBSTITUTE(SUBSTITUTE($S8,"$",""),",","")),_xlpm.base,_xlpm.rate*(_xlpm.coverage/1000),_xlpm.fee,_xlfn.XLOOKUP("gtl",Key!$B$1:$U$1,Key!$B$2:$U$2,0),_xlpm.mf,_xlfn.XLOOKUP("gtl",Key!$B$1:$U$1,Key!$B$3:$U$3,0),IF(_xlpm.mf>0,(_xlpm.base+_xlpm.fee)*_xlpm.mf,(_xlpm.base+_xlpm.fee)/12)),"")} | AM8: {=IFERROR(_xlfn.LET(_xlpm.rate,INDEX(TransAmerica!$B$2:$E$69,MATCH($AE8,TransAmerica!$A$2:$A$69,0),IF(LOWER(TRIM($F8))="male",IF(LOWER(TRIM($K8))="yes",2,1),IF(LOWER(TRIM($K8))="yes",4,3))),_xlpm.coverage,VALUE(SUBSTITUTE(SUBSTITUTE($S8,"$",""),",","")),_xlpm.base,_xlpm.rate*(_xlpm.coverage/1000),_xlpm.fee,_xlfn.XLOOKUP("TransAmerica",Key!$B$1:$U$1,Key!$B$2:$U$2,0),_xlpm.mf,_xlfn.XLOOKUP("TransAmerica",Key!$B$1:$U$1,Key!$B$3:$U$3,0),IF(_xlpm.mf>0,(_xlpm.base+_xlpm.fee)*_xlpm.mf,(_xlpm.base+_xlpm.fee)/12)),"")} | AN8: {=IFERROR(_xlfn.LET(_xlpm.rate,INDEX('TransAmerica Graded'!$B$2:$E$64,MATCH($AE8,'TransAmerica Graded'!$A$2:$A$64,0),IF(LOWER(TRIM($F8))="male",IF(LOWER(TRIM($K8))="yes",2,1),IF(LOWER(TRIM($K8))="yes",4,3))),_xlpm.coverage,VALUE(SUBSTITUTE(SUBSTITUTE($S8,"$",""),",","")),_xlpm.base,_xlpm.rate*(_xlpm.coverage/1000),_xlpm.fee,_xlfn.XLOOKUP("TransAmerica Graded",Key!$B$1:$U$1,Key!$B$2:$U$2,0),_xlpm.mf,_xlfn.XLOOKUP("TransAmerica Graded",Key!$B$1:$U$1,Key!$B$3:$U$3,0),IF(_xlpm.mf>0,(_xlpm.base+_xlpm.fee)*_xlpm.mf,(_xlpm.base+_xlpm.fee)/12)),"")} | AO8: {=IFERROR(_xlfn.LET(_xlpm.rate,INDEX(Corebridge!$B$2:$C$32,MATCH($AE8,Corebridge!$A$2:$A$32,0),IF(LOWER(TRIM($F8))="male",1,2)),_xlpm.coverage,VALUE(SUBSTITUTE(SUBSTITUTE($S8,"$",""),",","")),_xlpm.base,_xlpm.rate*(_xlpm.coverage/1000),_xlpm.fee,_xlfn.XLOOKUP("Corebridge",Key!$B$1:$U$1,Key!$B$2:$U$2,0),_xlpm.mf,_xlfn.XLOOKUP("Corebridge",Key!$B$1:$U$1,Key!$B$3:$U$3,0),IF(_xlpm.mf>0,(_xlpm.base+_xlpm.fee)*_xlpm.mf,(_xlpm.base+_xlpm.fee)/12)),"")} | AP8: {=IFERROR(_xlfn.LET(_xlpm.rate,INDEX(amam!$B$2:$E$37,MATCH($AE8,amam!$A$2:$A$37,0),IF(LOWER(TRIM($F8))="male",IF(LOWER(TRIM($K8))="yes",2,1),IF(LOWER(TRIM($K8))="yes",4,3))),_xlpm.coverage,VALUE(SUBSTITUTE(SUBSTITUTE($S8,"$",""),",","")),_xlpm.base,_xlpm.rate*(_xlpm.coverage/1000),_xlpm.fee,_xlfn.XLOOKUP("amam",Key!$B$1:$U$1,Key!$B$2:$U$2,0),_xlpm.mf,_xlfn.XLOOKUP("amam",Key!$B$1:$U$1,Key!$B$3:$U$3,0),IF(_xlpm.mf>0,(_xlpm.base+_xlpm.fee)*_xlpm.mf,(_xlpm.base+_xlpm.fee)/12)),"")} | AQ8: {=IFERROR(_xlfn.LET(_xlpm.rate,INDEX('amam-graded'!$B$2:$E$37,MATCH($AE8,'amam-graded'!$A$2:$A$37,0),IF(LOWER(TRIM($F8))="male",IF(LOWER(TRIM($K8))="yes",2,1),IF(LOWER(TRIM($K8))="yes",4,3))),_xlpm.coverage,VALUE(SUBSTITUTE(SUBSTITUTE($S8,"$",""),",","")),_xlpm.base,_xlpm.rate*(_xlpm.coverage/1000),_xlpm.fee,_xlfn.XLOOKUP("amam-graded",Key!$B$1:$U$1,Key!$B$2:$U$2,0),_xlpm.mf,_xlfn.XLOOKUP("amam-graded",Key!$B$1:$U$1,Key!$B$3:$U$3,0),IF(_xlpm.mf>0,(_xlpm.base+_xlpm.fee)*_xlpm.mf,(_xlpm.base+_xlpm.fee)/12)),"")} | AR8: {=IFERROR(_xlfn.LET(_xlpm.rate,INDEX('amam-return-or-premium'!$B$2:$E$37,MATCH($AE8,'amam-return-or-premium'!$A$2:$A$37,0),IF(LOWER(TRIM($F8))="male",IF(LOWER(TRIM($K8))="yes",2,1),IF(LOWER(TRIM($K8))="yes",4,3))),_xlpm.coverage,VALUE(SUBSTITUTE(SUBSTITUTE($S8,"$",""),",","")),_xlpm.base,_xlpm.rate*(_xlpm.coverage/1000),_xlpm.fee,_xlfn.XLOOKUP("amam-return-or-premium",Key!$B$1:$U$1,Key!$B$2:$U$2,0),_xlpm.mf,_xlfn.XLOOKUP("amam-return-or-premium",Key!$B$1:$U$1,Key!$B$3:$U$3,0),IF(_xlpm.mf>0,(_xlpm.base+_xlpm.fee)*_xlpm.mf,(_xlpm.base+_xlpm.fee)/12)),"")} | AS8: {=IFERROR(_xlfn.LET(_xlpm.rate,INDEX(AHL!$B$2:$E$37,MATCH($AE8,AHL!$A$2:$A$37,0),IF(LOWER(TRIM($F8))="male",IF(LOWER(TRIM($K8))="yes",2,1),IF(LOWER(TRIM($K8))="yes",4,3))),_xlpm.coverage,VALUE(SUBSTITUTE(SUBSTITUTE($S8,"$",""),",","")),_xlpm.base,_xlpm.rate*(_xlpm.coverage/1000),_xlpm.fee,_xlfn.XLOOKUP("AHL",Key!$B$1:$U$1,Key!$B$2:$U$2,0),_xlpm.mf,_xlfn.XLOOKUP("AHL",Key!$B$1:$U$1,Key!$B$3:$U$3,0),IF(_xlpm.mf>0,(_xlpm.base+_xlpm.fee)*_xlpm.mf,(_xlpm.base+_xlpm.fee)/12)),"")} | AT8: {=IFERROR(_xlfn.LET(_xlpm.rate,INDEX('AHL-Graded'!$B$2:$E$32,MATCH($AE8,'AHL-Graded'!$A$2:$A$32,0),IF(LOWER(TRIM($F8))="male",IF(LOWER(TRIM($K8))="yes",2,1),IF(LOWER(TRIM($K8))="yes",4,3))),_xlpm.coverage,VALUE(SUBSTITUTE(SUBSTITUTE($S8,"$",""),",","")),_xlpm.base,_xlpm.rate*(_xlpm.coverage/1000),_xlpm.fee,_xlfn.XLOOKUP("AHL-Graded",Key!$B$1:$U$1,Key!$B$2:$U$2,0),_xlpm.mf,_xlfn.XLOOKUP("AHL-Graded",Key!$B$1:$U$1,Key!$B$3:$U$3,0),IF(_xlpm.mf>0,(_xlpm.base+_xlpm.fee)*_xlpm.mf,(_xlpm.base+_xlpm.fee)/12)),"")} | AU8: {=IFERROR(_xlfn.LET(_xlpm.rate,INDEX('Royal Neighbors'!$B$2:$E$37,MATCH($AE8,'Royal Neighbors'!$A$2:$A$37,0),IF(LOWER(TRIM($F8))="male",IF(LOWER(TRIM($K8))="yes",2,1),IF(LOWER(TRIM($K8))="yes",4,3))),_xlpm.coverage,VALUE(SUBSTITUTE(SUBSTITUTE($S8,"$",""),",","")),_xlpm.base,_xlpm.rate*(_xlpm.coverage/1000),_xlpm.fee,_xlfn.XLOOKUP("Royal Neighbors",Key!$B$1:$U$1,Key!$B$2:$U$2,0),_xlpm.mf,_xlfn.XLOOKUP("Royal Neighbors",Key!$B$1:$U$1,Key!$B$3:$U$3,0),IF(_xlpm.mf>0,(_xlpm.base+_xlpm.fee)*_xlpm.mf,(_xlpm.base+_xlpm.fee)/12)),"")} | AV8: {=IFERROR(_xlfn.LET(_xlpm.rate,INDEX('Royal Neighbors-Graded'!$B$2:$E$37,MATCH($AE8,'Royal Neighbors-Graded'!$A$2:$A$37,0),IF(LOWER(TRIM($F8))="male",IF(LOWER(TRIM($K8))="yes",2,1),IF(LOWER(TRIM($K8))="yes",4,3))),_xlpm.coverage,VALUE(SUBSTITUTE(SUBSTITUTE($S8,"$",""),",","")),_xlpm.base,_xlpm.rate*(_xlpm.coverage/1000),_xlpm.fee,_xlfn.XLOOKUP("Royal Neighbors-Graded",Key!$B$1:$U$1,Key!$B$2:$U$2,0),_xlpm.mf,_xlfn.XLOOKUP("Royal Neighbors-Graded",Key!$B$1:$U$1,Key!$B$3:$U$3,0),IF(_xlpm.mf>0,(_xlpm.base+_xlpm.fee)*_xlpm.mf,(_xlpm.base+_xlpm.fee)/12)),"")} | AW8: {=IFERROR(_xlfn.LET(_xlpm.rate,INDEX('Gerber-GI'!$B$2:$C$32,MATCH($AE8,'Gerber-GI'!$A$2:$A$32,0),IF(LOWER(TRIM($F8))="male",1,2)),_xlpm.coverage,VALUE(SUBSTITUTE(SUBSTITUTE($S8,"$",""),",","")),_xlpm.base,_xlpm.rate*(_xlpm.coverage/1000),_xlpm.fee,_xlfn.XLOOKUP("Gerber-GI",Key!$B$1:$U$1,Key!$B$2:$U$2,0),_xlpm.mf,_xlfn.XLOOKUP("Gerber-GI",Key!$B$1:$U$1,Key!$B$3:$U$3,0),IF(_xlpm.mf>0,(_xlpm.base+_xlpm.fee)*_xlpm.mf,(_xlpm.base+_xlpm.fee)/12)),"")} | AX8: {=IFERROR(_xlfn.LET(_xlpm.rate,INDEX('Mutual of Omaha'!$B$2:$E$42,MATCH($AE8,'Mutual of Omaha'!$A$2:$A$42,0),IF(LOWER(TRIM($F8))="male",IF(LOWER(TRIM($K8))="yes",2,1),IF(LOWER(TRIM($K8))="yes",4,3))),_xlpm.coverage,VALUE(SUBSTITUTE(SUBSTITUTE($S8,"$",""),",","")),_xlpm.base,_xlpm.rate*(_xlpm.coverage/1000),_xlpm.fee,_xlfn.XLOOKUP("Mutal of Omaha",Key!$B$1:$U$1,Key!$B$2:$U$2,0),_xlpm.mf,_xlfn.XLOOKUP("Mutal of Omaha",Key!$B$1:$U$1,Key!$B$3:$U$3,0),IF(_xlpm.mf>0,(_xlpm.base+_xlpm.fee)*_xlpm.mf,(_xlpm.base+_xlpm.fee)/12)),"")} | AY8: {=IFERROR(_xlfn.LET(_xlpm.rate,INDEX('Mutual of Omaha-Graded'!$B$2:$E$37,MATCH($AE8,'Mutual of Omaha-Graded'!$A$2:$A$37,0),IF(LOWER(TRIM($F8))="male",IF(LOWER(TRIM($K8))="yes",2,1),IF(LOWER(TRIM($K8))="yes",4,3))),_xlpm.coverage,VALUE(SUBSTITUTE(SUBSTITUTE($S8,"$",""),",","")),_xlpm.base,_xlpm.rate*(_xlpm.coverage/1000),_xlpm.fee,_xlfn.XLOOKUP("Mutual of Omaha-Graded",Key!$B$1:$U$1,Key!$B$2:$U$2,0),_xlpm.mf,_xlfn.XLOOKUP("Mutual of Omaha-Graded",Key!$B$1:$U$1,Key!$B$3:$U$3,0),IF(_xlpm.mf>0,(_xlpm.base+_xlpm.fee)*_xlpm.mf,(_xlpm.base+_xlpm.fee)/12)),"")} | AZ8: =AP8 | BA8: =IFERROR(IF(AND(AP8>0,AP8<VALUE(SUBSTITUTE(SUBSTITUTE($T8,"$",""),",",""))),VALUE(SUBSTITUTE(SUBSTITUTE($T8,"$",""),",",""))-AP8,""),"") | BB8: =AL8 | BC8: =IFERROR(IF(AND(AL8>0,AL8<VALUE(SUBSTITUTE(SUBSTITUTE($T8,"$",""),",",""))),VALUE(SUBSTITUTE(SUBSTITUTE($T8,"$",""),",",""))-AL8,""),"") | BD8: {=IFERROR(_xlfn.LET(_xlpm.current,VALUE(SUBSTITUTE(SUBSTITUTE($T8,"$",""),",","")),_xlpm.quotes,AF8:AY8,_xlpm.lowest,_xlfn.MINIFS(_xlpm.quotes,_xlpm.quotes,"<"&_xlpm.current,_xlpm.quotes,">0"),IF(_xlpm.lowest="","",SUBSTITUTE(INDEX($AF$1:$AY$1,1,MATCH(_xlpm.lowest,_xlpm.quotes,0))," Monthly Quote",""))),"")} | BE8: {=IFERROR(_xlfn.LET(_xlpm.current,VALUE(SUBSTITUTE(SUBSTITUTE($T8,"$",""),",","")),_xlpm.quotes,AF8:AY8,_xlpm.lowest,_xlfn.MINIFS(_xlpm.quotes,_xlpm.quotes,"<"&_xlpm.current,_xlpm.quotes,">0"),IF(_xlpm.lowest="","",_xlpm.current-_xlpm.lowest)),"")}
A9: Fara | B9: Manzella | C9: 8472585629 | D9: 75 | E9: 18379 | F9: Female | G9: 408 S Meier Rd , Mount Prospect 60056 IL | H9: Italy | I9: 46123 | J9: 160 | K9: No | M9: Cremation | N9: Micheal Manzella | O9: spouse | R9: Securico | S9: 5000 | T9: 45.76 | U9: 46006 | V9: 46037 | W9: 331 48 3189 | X9: no | Y9: bank of America | Z9: 71000505 | AA9: 291000000000 | AB9: Depression | AC9: Sertraline | AD9: no | AE9: 76 | AF9: {=IFERROR(_xlfn.LET(_xlpm.rate,INDEX(aflac!$B$2:$E$37,MATCH($AE9,aflac!$A$2:$A$37,0),IF(LOWER(TRIM($F9))="male",IF(LOWER(TRIM($K9))="yes",2,1),IF(LOWER(TRIM($K9))="yes",4,3))),_xlpm.coverage,VALUE(SUBSTITUTE(SUBSTITUTE($S9,"$",""),",","")),_xlpm.base,_xlpm.rate*(_xlpm.coverage/1000),_xlpm.fee,_xlfn.XLOOKUP("aflac",Key!$B$1:$U$1,Key!$B$2:$U$2,0),_xlpm.mf,_xlfn.XLOOKUP("aflac",Key!$B$1:$U$1,Key!$B$3:$U$3,0),IF(_xlpm.mf>0,(_xlpm.base+_xlpm.fee)*_xlpm.mf,(_xlpm.base+_xlpm.fee)/12)),"")} | AG9: {=IFERROR(_xlfn.LET(_xlpm.rate,INDEX('aflac-modified'!$B$2:$C$32,MATCH($AE9,'aflac-modified'!$A$2:$A$32,0),IF(LOWER(TRIM($F9))="male",1,2)),_xlpm.coverage,VALUE(SUBSTITUTE(SUBSTITUTE($S9,"$",""),",","")),_xlpm.base,_xlpm.rate*(_xlpm.coverage/1000),_xlpm.fee,_xlfn.XLOOKUP("aflac-modified",Key!$B$1:$U$1,Key!$B$2:$U$2,0),_xlpm.mf,_xlfn.XLOOKUP("aflac-modified",Key!$B$1:$U$1,Key!$B$3:$U$3,0),IF(_xlpm.mf>0,(_xlpm.base+_xlpm.fee)*_xlpm.mf,(_xlpm.base+_xlpm.fee)/12)),"")} | AH9: {=IFERROR(_xlfn.LET(_xlpm.rate,INDEX(SBLI!$B$2:$E$37,MATCH($AE9,SBLI!$A$2:$A$37,0),IF(LOWER(TRIM($F9))="male",IF(LOWER(TRIM($K9))="yes",2,1),IF(LOWER(TRIM($K9))="yes",4,3))),_xlpm.coverage,VALUE(SUBSTITUTE(SUBSTITUTE($S9,"$",""),",","")),_xlpm.base,_xlpm.rate*(_xlpm.coverage/1000),_xlpm.fee,_xlfn.XLOOKUP("SBLI",Key!$B$1:$U$1,Key!$B$2:$U$2,0),_xlpm.mf,_xlfn.XLOOKUP("SBLI",Key!$B$1:$U$1,Key!$B$3:$U$3,0),IF(_xlpm.mf>0,(_xlpm.base+_xlpm.fee)*_xlpm.mf,(_xlpm.base+_xlpm.fee)/12)),"")} | AI9: {=IFERROR(_xlfn.LET(_xlpm.rate,INDEX('SBLI-Modified'!$B$2:$E$27,MATCH($AE9,'SBLI-Modified'!$A$2:$A$27,0),IF(LOWER(TRIM($F9))="male",IF(LOWER(TRIM($K9))="yes",2,1),IF(LOWER(TRIM($K9))="yes",4,3))),_xlpm.coverage,VALUE(SUBSTITUTE(SUBSTITUTE($S9,"$",""),",","")),_xlpm.base,_xlpm.rate*(_xlpm.coverage/1000),_xlpm.fee,_xlfn.XLOOKUP("SBLI-Modified",Key!$B$1:$U$1,Key!$B$2:$U$2,0),_xlpm.mf,_xlfn.XLOOKUP("SBLI-Modified",Key!$B$1:$U$1,Key!$B$3:$U$3,0),IF(_xlpm.mf>0,(_xlpm.base+_xlpm.fee)*_xlpm.mf,(_xlpm.base+_xlpm.fee)/12)),"")} | AJ9: {=IFERROR(_xlfn.LET(_xlpm.rate,INDEX(CICA!$B$2:$C$42,MATCH($AE9,CICA!$A$2:$A$42,0),IF(LOWER(TRIM($F9))="male",1,2)),_xlpm.coverage,VALUE(SUBSTITUTE(SUBSTITUTE($S9,"$",""),",","")),_xlpm.base,_xlpm.rate*(_xlpm.coverage/1000),_xlpm.fee,_xlfn.XLOOKUP("CICA",Key!$B$1:$U$1,Key!$B$2:$U$2,0),_xlpm.mf,_xlfn.XLOOKUP("CICA",Key!$B$1:$U$1,Key!$B$3:$U$3,0),IF(_xlpm.mf>0,(_xlpm.base+_xlpm.fee)*_xlpm.mf,(_xlpm.base+_xlpm.fee)/12)),"")} | AK9: {=IFERROR(_xlfn.LET(_xlpm.rate,INDEX('CICA-GI'!$B$2:$C$47,MATCH($AE9,'CICA-GI'!$A$2:$A$47,0),IF(LOWER(TRIM($F9))="male",1,2)),_xlpm.coverage,VALUE(SUBSTITUTE(SUBSTITUTE($S9,"$",""),",","")),_xlpm.base,_xlpm.rate*(_xlpm.coverage/1000),_xlpm.fee,_xlfn.XLOOKUP("CICA-GI",Key!$B$1:$U$1,Key!$B$2:$U$2,0),_xlpm.mf,_xlfn.XLOOKUP("CICA-GI",Key!$B$1:$U$1,Key!$B$3:$U$3,0),IF(_xlpm.mf>0,(_xlpm.base+_xlpm.fee)*_xlpm.mf,(_xlpm.base+_xlpm.fee)/12)),"")} | AL9: {=IFERROR(_xlfn.LET(_xlpm.rate,INDEX(gtl!$B$2:$C$52,MATCH($AE9,gtl!$A$2:$A$52,0),IF(LOWER(TRIM($F9))="male",1,2)),_xlpm.coverage,VALUE(SUBSTITUTE(SUBSTITUTE($S9,"$",""),",","")),_xlpm.base,_xlpm.rate*(_xlpm.coverage/1000),_xlpm.fee,_xlfn.XLOOKUP("gtl",Key!$B$1:$U$1,Key!$B$2:$U$2,0),_xlpm.mf,_xlfn.XLOOKUP("gtl",Key!$B$1:$U$1,Key!$B$3:$U$3,0),IF(_xlpm.mf>0,(_xlpm.base+_xlpm.fee)*_xlpm.mf,(_xlpm.base+_xlpm.fee)/12)),"")} | AM9: {=IFERROR(_xlfn.LET(_xlpm.rate,INDEX(TransAmerica!$B$2:$E$69,MATCH($AE9,TransAmerica!$A$2:$A$69,0),IF(LOWER(TRIM($F9))="male",IF(LOWER(TRIM($K9))="yes",2,1),IF(LOWER(TRIM($K9))="yes",4,3))),_xlpm.coverage,VALUE(SUBSTITUTE(SUBSTITUTE($S9,"$",""),",","")),_xlpm.base,_xlpm.rate*(_xlpm.coverage/1000),_xlpm.fee,_xlfn.XLOOKUP("TransAmerica",Key!$B$1:$U$1,Key!$B$2:$U$2,0),_xlpm.mf,_xlfn.XLOOKUP("TransAmerica",Key!$B$1:$U$1,Key!$B$3:$U$3,0),IF(_xlpm.mf>0,(_xlpm.base+_xlpm.fee)*_xlpm.mf,(_xlpm.base+_xlpm.fee)/12)),"")} | AN9: {=IFERROR(_xlfn.LET(_xlpm.rate,INDEX('TransAmerica Graded'!$B$2:$E$64,MATCH($AE9,'TransAmerica Graded'!$A$2:$A$64,0),IF(LOWER(TRIM($F9))="male",IF(LOWER(TRIM($K9))="yes",2,1),IF(LOWER(TRIM($K9))="yes",4,3))),_xlpm.coverage,VALUE(SUBSTITUTE(SUBSTITUTE($S9,"$",""),",","")),_xlpm.base,_xlpm.rate*(_xlpm.coverage/1000),_xlpm.fee,_xlfn.XLOOKUP("TransAmerica Graded",Key!$B$1:$U$1,Key!$B$2:$U$2,0),_xlpm.mf,_xlfn.XLOOKUP("TransAmerica Graded",Key!$B$1:$U$1,Key!$B$3:$U$3,0),IF(_xlpm.mf>0,(_xlpm.base+_xlpm.fee)*_xlpm.mf,(_xlpm.base+_xlpm.fee)/12)),"")} | AO9: {=IFERROR(_xlfn.LET(_xlpm.rate,INDEX(Corebridge!$B$2:$C$32,MATCH($AE9,Corebridge!$A$2:$A$32,0),IF(LOWER(TRIM($F9))="male",1,2)),_xlpm.coverage,VALUE(SUBSTITUTE(SUBSTITUTE($S9,"$",""),",","")),_xlpm.base,_xlpm.rate*(_xlpm.coverage/1000),_xlpm.fee,_xlfn.XLOOKUP("Corebridge",Key!$B$1:$U$1,Key!$B$2:$U$2,0),_xlpm.mf,_xlfn.XLOOKUP("Corebridge",Key!$B$1:$U$1,Key!$B$3:$U$3,0),IF(_xlpm.mf>0,(_xlpm.base+_xlpm.fee)*_xlpm.mf,(_xlpm.base+_xlpm.fee)/12)),"")} | AP9: {=IFERROR(_xlfn.LET(_xlpm.rate,INDEX(amam!$B$2:$E$37,MATCH($AE9,amam!$A$2:$A$37,0),IF(LOWER(TRIM($F9))="male",IF(LOWER(TRIM($K9))="yes",2,1),IF(LOWER(TRIM($K9))="yes",4,3))),_xlpm.coverage,VALUE(SUBSTITUTE(SUBSTITUTE($S9,"$",""),",","")),_xlpm.base,_xlpm.rate*(_xlpm.coverage/1000),_xlpm.fee,_xlfn.XLOOKUP("amam",Key!$B$1:$U$1,Key!$B$2:$U$2,0),_xlpm.mf,_xlfn.XLOOKUP("amam",Key!$B$1:$U$1,Key!$B$3:$U$3,0),IF(_xlpm.mf>0,(_xlpm.base+_xlpm.fee)*_xlpm.mf,(_xlpm.base+_xlpm.fee)/12)),"")} | AQ9: {=IFERROR(_xlfn.LET(_xlpm.rate,INDEX('amam-graded'!$B$2:$E$37,MATCH($AE9,'amam-graded'!$A$2:$A$37,0),IF(LOWER(TRIM($F9))="male",IF(LOWER(TRIM($K9))="yes",2,1),IF(LOWER(TRIM($K9))="yes",4,3))),_xlpm.coverage,VALUE(SUBSTITUTE(SUBSTITUTE($S9,"$",""),",","")),_xlpm.base,_xlpm.rate*(_xlpm.coverage/1000),_xlpm.fee,_xlfn.XLOOKUP("amam-graded",Key!$B$1:$U$1,Key!$B$2:$U$2,0),_xlpm.mf,_xlfn.XLOOKUP("amam-graded",Key!$B$1:$U$1,Key!$B$3:$U$3,0),IF(_xlpm.mf>0,(_xlpm.base+_xlpm.fee)*_xlpm.mf,(_xlpm.base+_xlpm.fee)/12)),"")} | AR9: {=IFERROR(_xlfn.LET(_xlpm.rate,INDEX('amam-return-or-premium'!$B$2:$E$37,MATCH($AE9,'amam-return-or-premium'!$A$2:$A$37,0),IF(LOWER(TRIM($F9))="male",IF(LOWER(TRIM($K9))="yes",2,1),IF(LOWER(TRIM($K9))="yes",4,3))),_xlpm.coverage,VALUE(SUBSTITUTE(SUBSTITUTE($S9,"$",""),",","")),_xlpm.base,_xlpm.rate*(_xlpm.coverage/1000),_xlpm.fee,_xlfn.XLOOKUP("amam-return-or-premium",Key!$B$1:$U$1,Key!$B$2:$U$2,0),_xlpm.mf,_xlfn.XLOOKUP("amam-return-or-premium",Key!$B$1:$U$1,Key!$B$3:$U$3,0),IF(_xlpm.mf>0,(_xlpm.base+_xlpm.fee)*_xlpm.mf,(_xlpm.base+_xlpm.fee)/12)),"")} | AS9: {=IFERROR(_xlfn.LET(_xlpm.rate,INDEX(AHL!$B$2:$E$37,MATCH($AE9,AHL!$A$2:$A$37,0),IF(LOWER(TRIM($F9))="male",IF(LOWER(TRIM($K9))="yes",2,1),IF(LOWER(TRIM($K9))="yes",4,3))),_xlpm.coverage,VALUE(SUBSTITUTE(SUBSTITUTE($S9,"$",""),",","")),_xlpm.base,_xlpm.rate*(_xlpm.coverage/1000),_xlpm.fee,_xlfn.XLOOKUP("AHL",Key!$B$1:$U$1,Key!$B$2:$U$2,0),_xlpm.mf,_xlfn.XLOOKUP("AHL",Key!$B$1:$U$1,Key!$B$3:$U$3,0),IF(_xlpm.mf>0,(_xlpm.base+_xlpm.fee)*_xlpm.mf,(_xlpm.base+_xlpm.fee)/12)),"")} | AT9: {=IFERROR(_xlfn.LET(_xlpm.rate,INDEX('AHL-Graded'!$B$2:$E$32,MATCH($AE9,'AHL-Graded'!$A$2:$A$32,0),IF(LOWER(TRIM($F9))="male",IF(LOWER(TRIM($K9))="yes",2,1),IF(LOWER(TRIM($K9))="yes",4,3))),_xlpm.coverage,VALUE(SUBSTITUTE(SUBSTITUTE($S9,"$",""),",","")),_xlpm.base,_xlpm.rate*(_xlpm.coverage/1000),_xlpm.fee,_xlfn.XLOOKUP("AHL-Graded",Key!$B$1:$U$1,Key!$B$2:$U$2,0),_xlpm.mf,_xlfn.XLOOKUP("AHL-Graded",Key!$B$1:$U$1,Key!$B$3:$U$3,0),IF(_xlpm.mf>0,(_xlpm.base+_xlpm.fee)*_xlpm.mf,(_xlpm.base+_xlpm.fee)/12)),"")} | AU9: {=IFERROR(_xlfn.LET(_xlpm.rate,INDEX('Royal Neighbors'!$B$2:$E$37,MATCH($AE9,'Royal Neighbors'!$A$2:$A$37,0),IF(LOWER(TRIM($F9))="male",IF(LOWER(TRIM($K9))="yes",2,1),IF(LOWER(TRIM($K9))="yes",4,3))),_xlpm.coverage,VALUE(SUBSTITUTE(SUBSTITUTE($S9,"$",""),",","")),_xlpm.base,_xlpm.rate*(_xlpm.coverage/1000),_xlpm.fee,_xlfn.XLOOKUP("Royal Neighbors",Key!$B$1:$U$1,Key!$B$2:$U$2,0),_xlpm.mf,_xlfn.XLOOKUP("Royal Neighbors",Key!$B$1:$U$1,Key!$B$3:$U$3,0),IF(_xlpm.mf>0,(_xlpm.base+_xlpm.fee)*_xlpm.mf,(_xlpm.base+_xlpm.fee)/12)),"")} | AV9: {=IFERROR(_xlfn.LET(_xlpm.rate,INDEX('Royal Neighbors-Graded'!$B$2:$E$37,MATCH($AE9,'Royal Neighbors-Graded'!$A$2:$A$37,0),IF(LOWER(TRIM($F9))="male",IF(LOWER(TRIM($K9))="yes",2,1),IF(LOWER(TRIM($K9))="yes",4,3))),_xlpm.coverage,VALUE(SUBSTITUTE(SUBSTITUTE($S9,"$",""),",","")),_xlpm.base,_xlpm.rate*(_xlpm.coverage/1000),_xlpm.fee,_xlfn.XLOOKUP("Royal Neighbors-Graded",Key!$B$1:$U$1,Key!$B$2:$U$2,0),_xlpm.mf,_xlfn.XLOOKUP("Royal Neighbors-Graded",Key!$B$1:$U$1,Key!$B$3:$U$3,0),IF(_xlpm.mf>0,(_xlpm.base+_xlpm.fee)*_xlpm.mf,(_xlpm.base+_xlpm.fee)/12)),"")} | AW9: {=IFERROR(_xlfn.LET(_xlpm.rate,INDEX('Gerber-GI'!$B$2:$C$32,MATCH($AE9,'Gerber-GI'!$A$2:$A$32,0),IF(LOWER(TRIM($F9))="male",1,2)),_xlpm.coverage,VALUE(SUBSTITUTE(SUBSTITUTE($S9,"$",""),",","")),_xlpm.base,_xlpm.rate*(_xlpm.coverage/1000),_xlpm.fee,_xlfn.XLOOKUP("Gerber-GI",Key!$B$1:$U$1,Key!$B$2:$U$2,0),_xlpm.mf,_xlfn.XLOOKUP("Gerber-GI",Key!$B$1:$U$1,Key!$B$3:$U$3,0),IF(_xlpm.mf>0,(_xlpm.base+_xlpm.fee)*_xlpm.mf,(_xlpm.base+_xlpm.fee)/12)),"")} | AX9: {=IFERROR(_xlfn.LET(_xlpm.rate,INDEX('Mutual of Omaha'!$B$2:$E$42,MATCH($AE9,'Mutual of Omaha'!$A$2:$A$42,0),IF(LOWER(TRIM($F9))="male",IF(LOWER(TRIM($K9))="yes",2,1),IF(LOWER(TRIM($K9))="yes",4,3))),_xlpm.coverage,VALUE(SUBSTITUTE(SUBSTITUTE($S9,"$",""),",","")),_xlpm.base,_xlpm.rate*(_xlpm.coverage/1000),_xlpm.fee,_xlfn.XLOOKUP("Mutal of Omaha",Key!$B$1:$U$1,Key!$B$2:$U$2,0),_xlpm.mf,_xlfn.XLOOKUP("Mutal of Omaha",Key!$B$1:$U$1,Key!$B$3:$U$3,0),IF(_xlpm.mf>0,(_xlpm.base+_xlpm.fee)*_xlpm.mf,(_xlpm.base+_xlpm.fee)/12)),"")} | AY9: {=IFERROR(_xlfn.LET(_xlpm.rate,INDEX('Mutual of Omaha-Graded'!$B$2:$E$37,MATCH($AE9,'Mutual of Omaha-Graded'!$A$2:$A$37,0),IF(LOWER(TRIM($F9))="male",IF(LOWER(TRIM($K9))="yes",2,1),IF(LOWER(TRIM($K9))="yes",4,3))),_xlpm.coverage,VALUE(SUBSTITUTE(SUBSTITUTE($S9,"$",""),",","")),_xlpm.base,_xlpm.rate*(_xlpm.coverage/1000),_xlpm.fee,_xlfn.XLOOKUP("Mutual of Omaha-Graded",Key!$B$1:$U$1,Key!$B$2:$U$2,0),_xlpm.mf,_xlfn.XLOOKUP("Mutual of Omaha-Graded",Key!$B$1:$U$1,Key!$B$3:$U$3,0),IF(_xlpm.mf>0,(_xlpm.base+_xlpm.fee)*_xlpm.mf,(_xlpm.base+_xlpm.fee)/12)),"")} | AZ9: =AP9 | BA9: =IFERROR(IF(AND(AP9>0,AP9<VALUE(SUBSTITUTE(SUBSTITUTE($T9,"$",""),",",""))),VALUE(SUBSTITUTE(SUBSTITUTE($T9,"$",""),",",""))-AP9,""),"") | BB9: =AL9 | BC9: =IFERROR(IF(AND(AL9>0,AL9<VALUE(SUBSTITUTE(SUBSTITUTE($T9,"$",""),",",""))),VALUE(SUBSTITUTE(SUBSTITUTE($T9,"$",""),",",""))-AL9,""),"") | BD9: {=IFERROR(_xlfn.LET(_xlpm.current,VALUE(SUBSTITUTE(SUBSTITUTE($T9,"$",""),",","")),_xlpm.quotes,AF9:AY9,_xlpm.lowest,_xlfn.MINIFS(_xlpm.quotes,_xlpm.quotes,"<"&_xlpm.current,_xlpm.quotes,">0"),IF(_xlpm.lowest="","",SUBSTITUTE(INDEX($AF$1:$AY$1,1,MATCH(_xlpm.lowest,_xlpm.quotes,0))," Monthly Quote",""))),"")} | BE9: {=IFERROR(_xlfn.LET(_xlpm.current,VALUE(SUBSTITUTE(SUBSTITUTE($T9,"$",""),",","")),_xlpm.quotes,AF9:AY9,_xlpm.lowest,_xlfn.MINIFS(_xlpm.quotes,_xlpm.quotes,"<"&_xlpm.current,_xlpm.quotes,">0"),IF(_xlpm.lowest="","",_xlpm.current-_xlpm.lowest)),"")}
A10: Michael Yu | B10: Miao | C10: 9518161849 | D10: 60 | E10: 24032 | F10: Male | G10: 39118 Triple Springs Ln Temecula, CA 92592 | H10: China | I10: 5.9 | J10: 175 | K10: No | L10: NA | M10: Burial | N10: Elena Miao | O10: Daughter | P10: Vanessa | Q10: Girl Friend | R10: Securico | S10: 10 | T10: 48.42 | U10: 45992 | V10: 46023 | W10: 622332992 | X10: NA | Y10: Bank Of America | Z10: 121000358 | AA10: 325000000000 | AB10: High Blood Pressure | AC10: Losartan | AD10: Dr. Ellie Tan | AE10: 60 | AF10: {=IFERROR(_xlfn.LET(_xlpm.rate,INDEX(aflac!$B$2:$E$37,MATCH($AE10,aflac!$A$2:$A$37,0),IF(LOWER(TRIM($F10))="male",IF(LOWER(TRIM($K10))="yes",2,1),IF(LOWER(TRIM($K10))="yes",4,3))),_xlpm.coverage,VALUE(SUBSTITUTE(SUBSTITUTE($S10,"$",""),",","")),_xlpm.base,_xlpm.rate*(_xlpm.coverage/1000),_xlpm.fee,_xlfn.XLOOKUP("aflac",Key!$B$1:$U$1,Key!$B$2:$U$2,0),_xlpm.mf,_xlfn.XLOOKUP("aflac",Key!$B$1:$U$1,Key!$B$3:$U$3,0),IF(_xlpm.mf>0,(_xlpm.base+_xlpm.fee)*_xlpm.mf,(_xlpm.base+_xlpm.fee)/12)),"")} | AG10: {=IFERROR(_xlfn.LET(_xlpm.rate,INDEX('aflac-modified'!$B$2:$C$32,MATCH($AE10,'aflac-modified'!$A$2:$A$32,0),IF(LOWER(TRIM($F10))="male",1,2)),_xlpm.coverage,VALUE(SUBSTITUTE(SUBSTITUTE($S10,"$",""),",","")),_xlpm.base,_xlpm.rate*(_xlpm.coverage/1000),_xlpm.fee,_xlfn.XLOOKUP("aflac-modified",Key!$B$1:$U$1,Key!$B$2:$U$2,0),_xlpm.mf,_xlfn.XLOOKUP("aflac-modified",Key!$B$1:$U$1,Key!$B$3:$U$3,0),IF(_xlpm.mf>0,(_xlpm.base+_xlpm.fee)*_xlpm.mf,(_xlpm.base+_xlpm.fee)/12)),"")} | AH10: {=IFERROR(_xlfn.LET(_xlpm.rate,INDEX(SBLI!$B$2:$E$37,MATCH($AE10,SBLI!$A$2:$A$37,0),IF(LOWER(TRIM($F10))="male",IF(LOWER(TRIM($K10))="yes",2,1),IF(LOWER(TRIM($K10))="yes",4,3))),_xlpm.coverage,VALUE(SUBSTITUTE(SUBSTITUTE($S10,"$",""),",","")),_xlpm.base,_xlpm.rate*(_xlpm.coverage/1000),_xlpm.fee,_xlfn.XLOOKUP("SBLI",Key!$B$1:$U$1,Key!$B$2:$U$2,0),_xlpm.mf,_xlfn.XLOOKUP("SBLI",Key!$B$1:$U$1,Key!$B$3:$U$3,0),IF(_xlpm.mf>0,(_xlpm.base+_xlpm.fee)*_xlpm.mf,(_xlpm.base+_xlpm.fee)/12)),"")} | AI10: {=IFERROR(_xlfn.LET(_xlpm.rate,INDEX('SBLI-Modified'!$B$2:$E$27,MATCH($AE10,'SBLI-Modified'!$A$2:$A$27,0),IF(LOWER(TRIM($F10))="male",IF(LOWER(TRIM($K10))="yes",2,1),IF(LOWER(TRIM($K10))="yes",4,3))),_xlpm.coverage,VALUE(SUBSTITUTE(SUBSTITUTE($S10,"$",""),",","")),_xlpm.base,_xlpm.rate*(_xlpm.coverage/1000),_xlpm.fee,_xlfn.XLOOKUP("SBLI-Modified",Key!$B$1:$U$1,Key!$B$2:$U$2,0),_xlpm.mf,_xlfn.XLOOKUP("SBLI-Modified",Key!$B$1:$U$1,Key!$B$3:$U$3,0),IF(_xlpm.mf>0,(_xlpm.base+_xlpm.fee)*_xlpm.mf,(_xlpm.base+_xlpm.fee)/12)),"")} | AJ10: {=IFERROR(_xlfn.LET(_xlpm.rate,INDEX(CICA!$B$2:$C$42,MATCH($AE10,CICA!$A$2:$A$42,0),IF(LOWER(TRIM($F10))="male",1,2)),_xlpm.coverage,VALUE(SUBSTITUTE(SUBSTITUTE($S10,"$",""),",","")),_xlpm.base,_xlpm.rate*(_xlpm.coverage/1000),_xlpm.fee,_xlfn.XLOOKUP("CICA",Key!$B$1:$U$1,Key!$B$2:$U$2,0),_xlpm.mf,_xlfn.XLOOKUP("CICA",Key!$B$1:$U$1,Key!$B$3:$U$3,0),IF(_xlpm.mf>0,(_xlpm.base+_xlpm.fee)*_xlpm.mf,(_xlpm.base+_xlpm.fee)/12)),"")} | AK10: {=IFERROR(_xlfn.LET(_xlpm.rate,INDEX('CICA-GI'!$B$2:$C$47,MATCH($AE10,'CICA-GI'!$A$2:$A$47,0),IF(LOWER(TRIM($F10))="male",1,2)),_xlpm.coverage,VALUE(SUBSTITUTE(SUBSTITUTE($S10,"$",""),",","")),_xlpm.base,_xlpm.rate*(_xlpm.coverage/1000),_xlpm.fee,_xlfn.XLOOKUP("CICA-GI",Key!$B$1:$U$1,Key!$B$2:$U$2,0),_xlpm.mf,_xlfn.XLOOKUP("CICA-GI",Key!$B$1:$U$1,Key!$B$3:$U$3,0),IF(_xlpm.mf>0,(_xlpm.base+_xlpm.fee)*_xlpm.mf,(_xlpm.base+_xlpm.fee)/12)),"")} | AL10: {=IFERROR(_xlfn.LET(_xlpm.rate,INDEX(gtl!$B$2:$C$52,MATCH($AE10,gtl!$A$2:$A$52,0),IF(LOWER(TRIM($F10))="male",1,2)),_xlpm.coverage,VALUE(SUBSTITUTE(SUBSTITUTE($S10,"$",""),",","")),_xlpm.base,_xlpm.rate*(_xlpm.coverage/1000),_xlpm.fee,_xlfn.XLOOKUP("gtl",Key!$B$1:$U$1,Key!$B$2:$U$2,0),_xlpm.mf,_xlfn.XLOOKUP("gtl",Key!$B$1:$U$1,Key!$B$3:$U$3,0),IF(_xlpm.mf>0,(_xlpm.base+_xlpm.fee)*_xlpm.mf,(_xlpm.base+_xlpm.fee)/12)),"")} | AM10: {=IFERROR(_xlfn.LET(_xlpm.rate,INDEX(TransAmerica!$B$2:$E$69,MATCH($AE10,TransAmerica!$A$2:$A$69,0),IF(LOWER(TRIM($F10))="male",IF(LOWER(TRIM($K10))="yes",2,1),IF(LOWER(TRIM($K10))="yes",4,3))),_xlpm.coverage,VALUE(SUBSTITUTE(SUBSTITUTE($S10,"$",""),",","")),_xlpm.base,_xlpm.rate*(_xlpm.coverage/1000),_xlpm.fee,_xlfn.XLOOKUP("TransAmerica",Key!$B$1:$U$1,Key!$B$2:$U$2,0),_xlpm.mf,_xlfn.XLOOKUP("TransAmerica",Key!$B$1:$U$1,Key!$B$3:$U$3,0),IF(_xlpm.mf>0,(_xlpm.base+_xlpm.fee)*_xlpm.mf,(_xlpm.base+_xlpm.fee)/12)),"")} | AN10: {=IFERROR(_xlfn.LET(_xlpm.rate,INDEX('TransAmerica Graded'!$B$2:$E$64,MATCH($AE10,'TransAmerica Graded'!$A$2:$A$64,0),IF(LOWER(TRIM($F10))="male",IF(LOWER(TRIM($K10))="yes",2,1),IF(LOWER(TRIM($K10))="yes",4,3))),_xlpm.coverage,VALUE(SUBSTITUTE(SUBSTITUTE($S10,"$",""),",","")),_xlpm.base,_xlpm.rate*(_xlpm.coverage/1000),_xlpm.fee,_xlfn.XLOOKUP("TransAmerica Graded",Key!$B$1:$U$1,Key!$B$2:$U$2,0),_xlpm.mf,_xlfn.XLOOKUP("TransAmerica Graded",Key!$B$1:$U$1,Key!$B$3:$U$3,0),IF(_xlpm.mf>0,(_xlpm.base+_xlpm.fee)*_xlpm.mf,(_xlpm.base+_xlpm.fee)/12)),"")} | AO10: {=IFERROR(_xlfn.LET(_xlpm.rate,INDEX(Corebridge!$B$2:$C$32,MATCH($AE10,Corebridge!$A$2:$A$32,0),IF(LOWER(TRIM($F10))="male",1,2)),_xlpm.coverage,VALUE(SUBSTITUTE(SUBSTITUTE($S10,"$",""),",","")),_xlpm.base,_xlpm.rate*(_xlpm.coverage/1000),_xlpm.fee,_xlfn.XLOOKUP("Corebridge",Key!$B$1:$U$1,Key!$B$2:$U$2,0),_xlpm.mf,_xlfn.XLOOKUP("Corebridge",Key!$B$1:$U$1,Key!$B$3:$U$3,0),IF(_xlpm.mf>0,(_xlpm.base+_xlpm.fee)*_xlpm.mf,(_xlpm.base+_xlpm.fee)/12)),"")} | AP10: {=IFERROR(_xlfn.LET(_xlpm.rate,INDEX(amam!$B$2:$E$37,MATCH($AE10,amam!$A$2:$A$37,0),IF(LOWER(TRIM($F10))="male",IF(LOWER(TRIM($K10))="yes",2,1),IF(LOWER(TRIM($K10))="yes",4,3))),_xlpm.coverage,VALUE(SUBSTITUTE(SUBSTITUTE($S10,"$",""),",","")),_xlpm.base,_xlpm.rate*(_xlpm.coverage/1000),_xlpm.fee,_xlfn.XLOOKUP("amam",Key!$B$1:$U$1,Key!$B$2:$U$2,0),_xlpm.mf,_xlfn.XLOOKUP("amam",Key!$B$1:$U$1,Key!$B$3:$U$3,0),IF(_xlpm.mf>0,(_xlpm.base+_xlpm.fee)*_xlpm.mf,(_xlpm.base+_xlpm.fee)/12)),"")} | AQ10: {=IFERROR(_xlfn.LET(_xlpm.rate,INDEX('amam-graded'!$B$2:$E$37,MATCH($AE10,'amam-graded'!$A$2:$A$37,0),IF(LOWER(TRIM($F10))="male",IF(LOWER(TRIM($K10))="yes",2,1),IF(LOWER(TRIM($K10))="yes",4,3))),_xlpm.coverage,VALUE(SUBSTITUTE(SUBSTITUTE($S10,"$",""),",","")),_xlpm.base,_xlpm.rate*(_xlpm.coverage/1000),_xlpm.fee,_xlfn.XLOOKUP("amam-graded",Key!$B$1:$U$1,Key!$B$2:$U$2,0),_xlpm.mf,_xlfn.XLOOKUP("amam-graded",Key!$B$1:$U$1,Key!$B$3:$U$3,0),IF(_xlpm.mf>0,(_xlpm.base+_xlpm.fee)*_xlpm.mf,(_xlpm.base+_xlpm.fee)/12)),"")} | AR10: {=IFERROR(_xlfn.LET(_xlpm.rate,INDEX('amam-return-or-premium'!$B$2:$E$37,MATCH($AE10,'amam-return-or-premium'!$A$2:$A$37,0),IF(LOWER(TRIM($F10))="male",IF(LOWER(TRIM($K10))="yes",2,1),IF(LOWER(TRIM($K10))="yes",4,3))),_xlpm.coverage,VALUE(SUBSTITUTE(SUBSTITUTE($S10,"$",""),",","")),_xlpm.base,_xlpm.rate*(_xlpm.coverage/1000),_xlpm.fee,_xlfn.XLOOKUP("amam-return-or-premium",Key!$B$1:$U$1,Key!$B$2:$U$2,0),_xlpm.mf,_xlfn.XLOOKUP("amam-return-or-premium",Key!$B$1:$U$1,Key!$B$3:$U$3,0),IF(_xlpm.mf>0,(_xlpm.base+_xlpm.fee)*_xlpm.mf,(_xlpm.base+_xlpm.fee)/12)),"")} | AS10: {=IFERROR(_xlfn.LET(_xlpm.rate,INDEX(AHL!$B$2:$E$37,MATCH($AE10,AHL!$A$2:$A$37,0),IF(LOWER(TRIM($F10))="male",IF(LOWER(TRIM($K10))="yes",2,1),IF(LOWER(TRIM($K10))="yes",4,3))),_xlpm.coverage,VALUE(SUBSTITUTE(SUBSTITUTE($S10,"$",""),",","")),_xlpm.base,_xlpm.rate*(_xlpm.coverage/1000),_xlpm.fee,_xlfn.XLOOKUP("AHL",Key!$B$1:$U$1,Key!$B$2:$U$2,0),_xlpm.mf,_xlfn.XLOOKUP("AHL",Key!$B$1:$U$1,Key!$B$3:$U$3,0),IF(_xlpm.mf>0,(_xlpm.base+_xlpm.fee)*_xlpm.mf,(_xlpm.base+_xlpm.fee)/12)),"")} | AT10: {=IFERROR(_xlfn.LET(_xlpm.rate,INDEX('AHL-Graded'!$B$2:$E$32,MATCH($AE10,'AHL-Graded'!$A$2:$A$32,0),IF(LOWER(TRIM($F10))="male",IF(LOWER(TRIM($K10))="yes",2,1),IF(LOWER(TRIM($K10))="yes",4,3))),_xlpm.coverage,VALUE(SUBSTITUTE(SUBSTITUTE($S10,"$",""),",","")),_xlpm.base,_xlpm.rate*(_xlpm.coverage/1000),_xlpm.fee,_xlfn.XLOOKUP("AHL-Graded",Key!$B$1:$U$1,Key!$B$2:$U$2,0),_xlpm.mf,_xlfn.XLOOKUP("AHL-Graded",Key!$B$1:$U$1,Key!$B$3:$U$3,0),IF(_xlpm.mf>0,(_xlpm.base+_xlpm.fee)*_xlpm.mf,(_xlpm.base+_xlpm.fee)/12)),"")} | AU10: {=IFERROR(_xlfn.LET(_xlpm.rate,INDEX('Royal Neighbors'!$B$2:$E$37,MATCH($AE10,'Royal Neighbors'!$A$2:$A$37,0),IF(LOWER(TRIM($F10))="male",IF(LOWER(TRIM($K10))="yes",2,1),IF(LOWER(TRIM($K10))="yes",4,3))),_xlpm.coverage,VALUE(SUBSTITUTE(SUBSTITUTE($S10,"$",""),",","")),_xlpm.base,_xlpm.rate*(_xlpm.coverage/1000),_xlpm.fee,_xlfn.XLOOKUP("Royal Neighbors",Key!$B$1:$U$1,Key!$B$2:$U$2,0),_xlpm.mf,_xlfn.XLOOKUP("Royal Neighbors",Key!$B$1:$U$1,Key!$B$3:$U$3,0),IF(_xlpm.mf>0,(_xlpm.base+_xlpm.fee)*_xlpm.mf,(_xlpm.base+_xlpm.fee)/12)),"")} | AV10: {=IFERROR(_xlfn.LET(_xlpm.rate,INDEX('Royal Neighbors-Graded'!$B$2:$E$37,MATCH($AE10,'Royal Neighbors-Graded'!$A$2:$A$37,0),IF(LOWER(TRIM($F10))="male",IF(LOWER(TRIM($K10))="yes",2,1),IF(LOWER(TRIM($K10))="yes",4,3))),_xlpm.coverage,VALUE(SUBSTITUTE(SUBSTITUTE($S10,"$",""),",","")),_xlpm.base,_xlpm.rate*(_xlpm.coverage/1000),_xlpm.fee,_xlfn.XLOOKUP("Royal Neighbors-Graded",Key!$B$1:$U$1,Key!$B$2:$U$2,0),_xlpm.mf,_xlfn.XLOOKUP("Royal Neighbors-Graded",Key!$B$1:$U$1,Key!$B$3:$U$3,0),IF(_xlpm.mf>0,(_xlpm.base+_xlpm.fee)*_xlpm.mf,(_xlpm.base+_xlpm.fee)/12)),"")} | AW10: {=IFERROR(_xlfn.LET(_xlpm.rate,INDEX('Gerber-GI'!$B$2:$C$32,MATCH($AE10,'Gerber-GI'!$A$2:$A$32,0),IF(LOWER(TRIM($F10))="male",1,2)),_xlpm.coverage,VALUE(SUBSTITUTE(SUBSTITUTE($S10,"$",""),",","")),_xlpm.base,_xlpm.rate*(_xlpm.coverage/1000),_xlpm.fee,_xlfn.XLOOKUP("Gerber-GI",Key!$B$1:$U$1,Key!$B$2:$U$2,0),_xlpm.mf,_xlfn.XLOOKUP("Gerber-GI",Key!$B$1:$U$1,Key!$B$3:$U$3,0),IF(_xlpm.mf>0,(_xlpm.base+_xlpm.fee)*_xlpm.mf,(_xlpm.base+_xlpm.fee)/12)),"")} | AX10: {=IFERROR(_xlfn.LET(_xlpm.rate,INDEX('Mutual of Omaha'!$B$2:$E$42,MATCH($AE10,'Mutual of Omaha'!$A$2:$A$42,0),IF(LOWER(TRIM($F10))="male",IF(LOWER(TRIM($K10))="yes",2,1),IF(LOWER(TRIM($K10))="yes",4,3))),_xlpm.coverage,VALUE(SUBSTITUTE(SUBSTITUTE($S10,"$",""),",","")),_xlpm.base,_xlpm.rate*(_xlpm.coverage/1000),_xlpm.fee,_xlfn.XLOOKUP("Mutal of Omaha",Key!$B$1:$U$1,Key!$B$2:$U$2,0),_xlpm.mf,_xlfn.XLOOKUP("Mutal of Omaha",Key!$B$1:$U$1,Key!$B$3:$U$3,0),IF(_xlpm.mf>0,(_xlpm.base+_xlpm.fee)*_xlpm.mf,(_xlpm.base+_xlpm.fee)/12)),"")} | AY10: {=IFERROR(_xlfn.LET(_xlpm.rate,INDEX('Mutual of Omaha-Graded'!$B$2:$E$37,MATCH($AE10,'Mutual of Omaha-Graded'!$A$2:$A$37,0),IF(LOWER(TRIM($F10))="male",IF(LOWER(TRIM($K10))="yes",2,1),IF(LOWER(TRIM($K10))="yes",4,3))),_xlpm.coverage,VALUE(SUBSTITUTE(SUBSTITUTE($S10,"$",""),",","")),_xlpm.base,_xlpm.rate*(_xlpm.coverage/1000),_xlpm.fee,_xlfn.XLOOKUP("Mutual of Omaha-Graded",Key!$B$1:$U$1,Key!$B$2:$U$2,0),_xlpm.mf,_xlfn.XLOOKUP("Mutual of Omaha-Graded",Key!$B$1:$U$1,Key!$B$3:$U$3,0),IF(_xlpm.mf>0,(_xlpm.base+_xlpm.fee)*_xlpm.mf,(_xlpm.base+_xlpm.fee)/12)),"")} | AZ10: =AP10 | BA10: =IFERROR(IF(AND(AP10>0,AP10<VALUE(SUBSTITUTE(SUBSTITUTE($T10,"$",""),",",""))),VALUE(SUBSTITUTE(SUBSTITUTE($T10,"$",""),",",""))-AP10,""),"") | BB10: =AL10 | BC10: =IFERROR(IF(AND(AL10>0,AL10<VALUE(SUBSTITUTE(SUBSTITUTE($T10,"$",""),",",""))),VALUE(SUBSTITUTE(SUBSTITUTE($T10,"$",""),",",""))-AL10,""),"") | BD10: {=IFERROR(_xlfn.LET(_xlpm.current,VALUE(SUBSTITUTE(SUBSTITUTE($T10,"$",""),",","")),_xlpm.quotes,AF10:AY10,_xlpm.lowest,_xlfn.MINIFS(_xlpm.quotes,_xlpm.quotes,"<"&_xlpm.current,_xlpm.quotes,">0"),IF(_xlpm.lowest="","",SUBSTITUTE(INDEX($AF$1:$AY$1,1,MATCH(_xlpm.lowest,_xlpm.quotes,0))," Monthly Quote",""))),"")} | BE10: {=IFERROR(_xlfn.LET(_xlpm.current,VALUE(SUBSTITUTE(SUBSTITUTE($T10,"$",""),",","")),_xlpm.quotes,AF10:AY10,_xlpm.lowest,_xlfn.MINIFS(_xlpm.quotes,_xlpm.quotes,"<"&_xlpm.current,_xlpm.quotes,">0"),IF(_xlpm.lowest="","",_xlpm.current-_xlpm.lowest)),"")}
A11: Logie | B11: Bird | C11: 9185851242 | D11: 79 | E11: 16920 | F11: Female | G11: 331 E Virgin St.Tulsa, OK 74106 | H11: OK | I11: 5.11 | J11: 179 | K11: No | L11: . | M11: Burial | N11: Jordan Bird: 12/30/1992 | O11: Son | P11: . | Q11: . | R11: SBLI | S11: 8000 | T11: 84.5 | U11: 45987 | V11: 46015 | W11: 442462382 | X11: . | Y11: TTCU Federal Credit Union | Z11: 303986313 | AA11: 1001254797 | AB11: Pain Stomach High blood presure | AC11: 3 pills | AD11: Dr Tuana Diep | AE11: 80 | AF11: {=IFERROR(_xlfn.LET(_xlpm.rate,INDEX(aflac!$B$2:$E$37,MATCH($AE11,aflac!$A$2:$A$37,0),IF(LOWER(TRIM($F11))="male",IF(LOWER(TRIM($K11))="yes",2,1),IF(LOWER(TRIM($K11))="yes",4,3))),_xlpm.coverage,VALUE(SUBSTITUTE(SUBSTITUTE($S11,"$",""),",","")),_xlpm.base,_xlpm.rate*(_xlpm.coverage/1000),_xlpm.fee,_xlfn.XLOOKUP("aflac",Key!$B$1:$U$1,Key!$B$2:$U$2,0),_xlpm.mf,_xlfn.XLOOKUP("aflac",Key!$B$1:$U$1,Key!$B$3:$U$3,0),IF(_xlpm.mf>0,(_xlpm.base+_xlpm.fee)*_xlpm.mf,(_xlpm.base+_xlpm.fee)/12)),"")} | AG11: {=IFERROR(_xlfn.LET(_xlpm.rate,INDEX('aflac-modified'!$B$2:$C$32,MATCH($AE11,'aflac-modified'!$A$2:$A$32,0),IF(LOWER(TRIM($F11))="male",1,2)),_xlpm.coverage,VALUE(SUBSTITUTE(SUBSTITUTE($S11,"$",""),",","")),_xlpm.base,_xlpm.rate*(_xlpm.coverage/1000),_xlpm.fee,_xlfn.XLOOKUP("aflac-modified",Key!$B$1:$U$1,Key!$B$2:$U$2,0),_xlpm.mf,_xlfn.XLOOKUP("aflac-modified",Key!$B$1:$U$1,Key!$B$3:$U$3,0),IF(_xlpm.mf>0,(_xlpm.base+_xlpm.fee)*_xlpm.mf,(_xlpm.base+_xlpm.fee)/12)),"")} | AH11: {=IFERROR(_xlfn.LET(_xlpm.rate,INDEX(SBLI!$B$2:$E$37,MATCH($AE11,SBLI!$A$2:$A$37,0),IF(LOWER(TRIM($F11))="male",IF(LOWER(TRIM($K11))="yes",2,1),IF(LOWER(TRIM($K11))="yes",4,3))),_xlpm.coverage,VALUE(SUBSTITUTE(SUBSTITUTE($S11,"$",""),",","")),_xlpm.base,_xlpm.rate*(_xlpm.coverage/1000),_xlpm.fee,_xlfn.XLOOKUP("SBLI",Key!$B$1:$U$1,Key!$B$2:$U$2,0),_xlpm.mf,_xlfn.XLOOKUP("SBLI",Key!$B$1:$U$1,Key!$B$3:$U$3,0),IF(_xlpm.mf>0,(_xlpm.base+_xlpm.fee)*_xlpm.mf,(_xlpm.base+_xlpm.fee)/12)),"")} | AI11: {=IFERROR(_xlfn.LET(_xlpm.rate,INDEX('SBLI-Modified'!$B$2:$E$27,MATCH($AE11,'SBLI-Modified'!$A$2:$A$27,0),IF(LOWER(TRIM($F11))="male",IF(LOWER(TRIM($K11))="yes",2,1),IF(LOWER(TRIM($K11))="yes",4,3))),_xlpm.coverage,VALUE(SUBSTITUTE(SUBSTITUTE($S11,"$",""),",","")),_xlpm.base,_xlpm.rate*(_xlpm.coverage/1000),_xlpm.fee,_xlfn.XLOOKUP("SBLI-Modified",Key!$B$1:$U$1,Key!$B$2:$U$2,0),_xlpm.mf,_xlfn.XLOOKUP("SBLI-Modified",Key!$B$1:$U$1,Key!$B$3:$U$3,0),IF(_xlpm.mf>0,(_xlpm.base+_xlpm.fee)*_xlpm.mf,(_xlpm.base+_xlpm.fee)/12)),"")} | AJ11: {=IFERROR(_xlfn.LET(_xlpm.rate,INDEX(CICA!$B$2:$C$42,MATCH($AE11,CICA!$A$2:$A$42,0),IF(LOWER(TRIM($F11))="male",1,2)),_xlpm.coverage,VALUE(SUBSTITUTE(SUBSTITUTE($S11,"$",""),",","")),_xlpm.base,_xlpm.rate*(_xlpm.coverage/1000),_xlpm.fee,_xlfn.XLOOKUP("CICA",Key!$B$1:$U$1,Key!$B$2:$U$2,0),_xlpm.mf,_xlfn.XLOOKUP("CICA",Key!$B$1:$U$1,Key!$B$3:$U$3,0),IF(_xlpm.mf>0,(_xlpm.base+_xlpm.fee)*_xlpm.mf,(_xlpm.base+_xlpm.fee)/12)),"")} | AK11: {=IFERROR(_xlfn.LET(_xlpm.rate,INDEX('CICA-GI'!$B$2:$C$47,MATCH($AE11,'CICA-GI'!$A$2:$A$47,0),IF(LOWER(TRIM($F11))="male",1,2)),_xlpm.coverage,VALUE(SUBSTITUTE(SUBSTITUTE($S11,"$",""),",","")),_xlpm.base,_xlpm.rate*(_xlpm.coverage/1000),_xlpm.fee,_xlfn.XLOOKUP("CICA-GI",Key!$B$1:$U$1,Key!$B$2:$U$2,0),_xlpm.mf,_xlfn.XLOOKUP("CICA-GI",Key!$B$1:$U$1,Key!$B$3:$U$3,0),IF(_xlpm.mf>0,(_xlpm.base+_xlpm.fee)*_xlpm.mf,(_xlpm.base+_xlpm.fee)/12)),"")} | AL11: {=IFERROR(_xlfn.LET(_xlpm.rate,INDEX(gtl!$B$2:$C$52,MATCH($AE11,gtl!$A$2:$A$52,0),IF(LOWER(TRIM($F11))="male",1,2)),_xlpm.coverage,VALUE(SUBSTITUTE(SUBSTITUTE($S11,"$",""),",","")),_xlpm.base,_xlpm.rate*(_xlpm.coverage/1000),_xlpm.fee,_xlfn.XLOOKUP("gtl",Key!$B$1:$U$1,Key!$B$2:$U$2,0),_xlpm.mf,_xlfn.XLOOKUP("gtl",Key!$B$1:$U$1,Key!$B$3:$U$3,0),IF(_xlpm.mf>0,(_xlpm.base+_xlpm.fee)*_xlpm.mf,(_xlpm.base+_xlpm.fee)/12)),"")} | AM11: {=IFERROR(_xlfn.LET(_xlpm.rate,INDEX(TransAmerica!$B$2:$E$69,MATCH($AE11,TransAmerica!$A$2:$A$69,0),IF(LOWER(TRIM($F11))="male",IF(LOWER(TRIM($K11))="yes",2,1),IF(LOWER(TRIM($K11))="yes",4,3))),_xlpm.coverage,VALUE(SUBSTITUTE(SUBSTITUTE($S11,"$",""),",","")),_xlpm.base,_xlpm.rate*(_xlpm.coverage/1000),_xlpm.fee,_xlfn.XLOOKUP("TransAmerica",Key!$B$1:$U$1,Key!$B$2:$U$2,0),_xlpm.mf,_xlfn.XLOOKUP("TransAmerica",Key!$B$1:$U$1,Key!$B$3:$U$3,0),IF(_xlpm.mf>0,(_xlpm.base+_xlpm.fee)*_xlpm.mf,(_xlpm.base+_xlpm.fee)/12)),"")} | AN11: {=IFERROR(_xlfn.LET(_xlpm.rate,INDEX('TransAmerica Graded'!$B$2:$E$64,MATCH($AE11,'TransAmerica Graded'!$A$2:$A$64,0),IF(LOWER(TRIM($F11))="male",IF(LOWER(TRIM($K11))="yes",2,1),IF(LOWER(TRIM($K11))="yes",4,3))),_xlpm.coverage,VALUE(SUBSTITUTE(SUBSTITUTE($S11,"$",""),",","")),_xlpm.base,_xlpm.rate*(_xlpm.coverage/1000),_xlpm.fee,_xlfn.XLOOKUP("TransAmerica Graded",Key!$B$1:$U$1,Key!$B$2:$U$2,0),_xlpm.mf,_xlfn.XLOOKUP("TransAmerica Graded",Key!$B$1:$U$1,Key!$B$3:$U$3,0),IF(_xlpm.mf>0,(_xlpm.base+_xlpm.fee)*_xlpm.mf,(_xlpm.base+_xlpm.fee)/12)),"")} | AO11: {=IFERROR(_xlfn.LET(_xlpm.rate,INDEX(Corebridge!$B$2:$C$32,MATCH($AE11,Corebridge!$A$2:$A$32,0),IF(LOWER(TRIM($F11))="male",1,2)),_xlpm.coverage,VALUE(SUBSTITUTE(SUBSTITUTE($S11,"$",""),",","")),_xlpm.base,_xlpm.rate*(_xlpm.coverage/1000),_xlpm.fee,_xlfn.XLOOKUP("Corebridge",Key!$B$1:$U$1,Key!$B$2:$U$2,0),_xlpm.mf,_xlfn.XLOOKUP("Corebridge",Key!$B$1:$U$1,Key!$B$3:$U$3,0),IF(_xlpm.mf>0,(_xlpm.base+_xlpm.fee)*_xlpm.mf,(_xlpm.base+_xlpm.fee)/12)),"")} | AP11: {=IFERROR(_xlfn.LET(_xlpm.rate,INDEX(amam!$B$2:$E$37,MATCH($AE11,amam!$A$2:$A$37,0),IF(LOWER(TRIM($F11))="male",IF(LOWER(TRIM($K11))="yes",2,1),IF(LOWER(TRIM($K11))="yes",4,3))),_xlpm.coverage,VALUE(SUBSTITUTE(SUBSTITUTE($S11,"$",""),",","")),_xlpm.base,_xlpm.rate*(_xlpm.coverage/1000),_xlpm.fee,_xlfn.XLOOKUP("amam",Key!$B$1:$U$1,Key!$B$2:$U$2,0),_xlpm.mf,_xlfn.XLOOKUP("amam",Key!$B$1:$U$1,Key!$B$3:$U$3,0),IF(_xlpm.mf>0,(_xlpm.base+_xlpm.fee)*_xlpm.mf,(_xlpm.base+_xlpm.fee)/12)),"")} | AQ11: {=IFERROR(_xlfn.LET(_xlpm.rate,INDEX('amam-graded'!$B$2:$E$37,MATCH($AE11,'amam-graded'!$A$2:$A$37,0),IF(LOWER(TRIM($F11))="male",IF(LOWER(TRIM($K11))="yes",2,1),IF(LOWER(TRIM($K11))="yes",4,3))),_xlpm.coverage,VALUE(SUBSTITUTE(SUBSTITUTE($S11,"$",""),",","")),_xlpm.base,_xlpm.rate*(_xlpm.coverage/1000),_xlpm.fee,_xlfn.XLOOKUP("amam-graded",Key!$B$1:$U$1,Key!$B$2:$U$2,0),_xlpm.mf,_xlfn.XLOOKUP("amam-graded",Key!$B$1:$U$1,Key!$B$3:$U$3,0),IF(_xlpm.mf>0,(_xlpm.base+_xlpm.fee)*_xlpm.mf,(_xlpm.base+_xlpm.fee)/12)),"")} | AR11: {=IFERROR(_xlfn.LET(_xlpm.rate,INDEX('amam-return-or-premium'!$B$2:$E$37,MATCH($AE11,'amam-return-or-premium'!$A$2:$A$37,0),IF(LOWER(TRIM($F11))="male",IF(LOWER(TRIM($K11))="yes",2,1),IF(LOWER(TRIM($K11))="yes",4,3))),_xlpm.coverage,VALUE(SUBSTITUTE(SUBSTITUTE($S11,"$",""),",","")),_xlpm.base,_xlpm.rate*(_xlpm.coverage/1000),_xlpm.fee,_xlfn.XLOOKUP("amam-return-or-premium",Key!$B$1:$U$1,Key!$B$2:$U$2,0),_xlpm.mf,_xlfn.XLOOKUP("amam-return-or-premium",Key!$B$1:$U$1,Key!$B$3:$U$3,0),IF(_xlpm.mf>0,(_xlpm.base+_xlpm.fee)*_xlpm.mf,(_xlpm.base+_xlpm.fee)/12)),"")} | AS11: {=IFERROR(_xlfn.LET(_xlpm.rate,INDEX(AHL!$B$2:$E$37,MATCH($AE11,AHL!$A$2:$A$37,0),IF(LOWER(TRIM($F11))="male",IF(LOWER(TRIM($K11))="yes",2,1),IF(LOWER(TRIM($K11))="yes",4,3))),_xlpm.coverage,VALUE(SUBSTITUTE(SUBSTITUTE($S11,"$",""),",","")),_xlpm.base,_xlpm.rate*(_xlpm.coverage/1000),_xlpm.fee,_xlfn.XLOOKUP("AHL",Key!$B$1:$U$1,Key!$B$2:$U$2,0),_xlpm.mf,_xlfn.XLOOKUP("AHL",Key!$B$1:$U$1,Key!$B$3:$U$3,0),IF(_xlpm.mf>0,(_xlpm.base+_xlpm.fee)*_xlpm.mf,(_xlpm.base+_xlpm.fee)/12)),"")} | AT11: {=IFERROR(_xlfn.LET(_xlpm.rate,INDEX('AHL-Graded'!$B$2:$E$32,MATCH($AE11,'AHL-Graded'!$A$2:$A$32,0),IF(LOWER(TRIM($F11))="male",IF(LOWER(TRIM($K11))="yes",2,1),IF(LOWER(TRIM($K11))="yes",4,3))),_xlpm.coverage,VALUE(SUBSTITUTE(SUBSTITUTE($S11,"$",""),",","")),_xlpm.base,_xlpm.rate*(_xlpm.coverage/1000),_xlpm.fee,_xlfn.XLOOKUP("AHL-Graded",Key!$B$1:$U$1,Key!$B$2:$U$2,0),_xlpm.mf,_xlfn.XLOOKUP("AHL-Graded",Key!$B$1:$U$1,Key!$B$3:$U$3,0),IF(_xlpm.mf>0,(_xlpm.base+_xlpm.fee)*_xlpm.mf,(_xlpm.base+_xlpm.fee)/12)),"")} | AU11: {=IFERROR(_xlfn.LET(_xlpm.rate,INDEX('Royal Neighbors'!$B$2:$E$37,MATCH($AE11,'Royal Neighbors'!$A$2:$A$37,0),IF(LOWER(TRIM($F11))="male",IF(LOWER(TRIM($K11))="yes",2,1),IF(LOWER(TRIM($K11))="yes",4,3))),_xlpm.coverage,VALUE(SUBSTITUTE(SUBSTITUTE($S11,"$",""),",","")),_xlpm.base,_xlpm.rate*(_xlpm.coverage/1000),_xlpm.fee,_xlfn.XLOOKUP("Royal Neighbors",Key!$B$1:$U$1,Key!$B$2:$U$2,0),_xlpm.mf,_xlfn.XLOOKUP("Royal Neighbors",Key!$B$1:$U$1,Key!$B$3:$U$3,0),IF(_xlpm.mf>0,(_xlpm.base+_xlpm.fee)*_xlpm.mf,(_xlpm.base+_xlpm.fee)/12)),"")} | AV11: {=IFERROR(_xlfn.LET(_xlpm.rate,INDEX('Royal Neighbors-Graded'!$B$2:$E$37,MATCH($AE11,'Royal Neighbors-Graded'!$A$2:$A$37,0),IF(LOWER(TRIM($F11))="male",IF(LOWER(TRIM($K11))="yes",2,1),IF(LOWER(TRIM($K11))="yes",4,3))),_xlpm.coverage,VALUE(SUBSTITUTE(SUBSTITUTE($S11,"$",""),",","")),_xlpm.base,_xlpm.rate*(_xlpm.coverage/1000),_xlpm.fee,_xlfn.XLOOKUP("Royal Neighbors-Graded",Key!$B$1:$U$1,Key!$B$2:$U$2,0),_xlpm.mf,_xlfn.XLOOKUP("Royal Neighbors-Graded",Key!$B$1:$U$1,Key!$B$3:$U$3,0),IF(_xlpm.mf>0,(_xlpm.base+_xlpm.fee)*_xlpm.mf,(_xlpm.base+_xlpm.fee)/12)),"")} | AW11: {=IFERROR(_xlfn.LET(_xlpm.rate,INDEX('Gerber-GI'!$B$2:$C$32,MATCH($AE11,'Gerber-GI'!$A$2:$A$32,0),IF(LOWER(TRIM($F11))="male",1,2)),_xlpm.coverage,VALUE(SUBSTITUTE(SUBSTITUTE($S11,"$",""),",","")),_xlpm.base,_xlpm.rate*(_xlpm.coverage/1000),_xlpm.fee,_xlfn.XLOOKUP("Gerber-GI",Key!$B$1:$U$1,Key!$B$2:$U$2,0),_xlpm.mf,_xlfn.XLOOKUP("Gerber-GI",Key!$B$1:$U$1,Key!$B$3:$U$3,0),IF(_xlpm.mf>0,(_xlpm.base+_xlpm.fee)*_xlpm.mf,(_xlpm.base+_xlpm.fee)/12)),"")} | AX11: {=IFERROR(_xlfn.LET(_xlpm.rate,INDEX('Mutual of Omaha'!$B$2:$E$42,MATCH($AE11,'Mutual of Omaha'!$A$2:$A$42,0),IF(LOWER(TRIM($F11))="male",IF(LOWER(TRIM($K11))="yes",2,1),IF(LOWER(TRIM($K11))="yes",4,3))),_xlpm.coverage,VALUE(SUBSTITUTE(SUBSTITUTE($S11,"$",""),",","")),_xlpm.base,_xlpm.rate*(_xlpm.coverage/1000),_xlpm.fee,_xlfn.XLOOKUP("Mutal of Omaha",Key!$B$1:$U$1,Key!$B$2:$U$2,0),_xlpm.mf,_xlfn.XLOOKUP("Mutal of Omaha",Key!$B$1:$U$1,Key!$B$3:$U$3,0),IF(_xlpm.mf>0,(_xlpm.base+_xlpm.fee)*_xlpm.mf,(_xlpm.base+_xlpm.fee)/12)),"")} | AY11: {=IFERROR(_xlfn.LET(_xlpm.rate,INDEX('Mutual of Omaha-Graded'!$B$2:$E$37,MATCH($AE11,'Mutual of Omaha-Graded'!$A$2:$A$37,0),IF(LOWER(TRIM($F11))="male",IF(LOWER(TRIM($K11))="yes",2,1),IF(LOWER(TRIM($K11))="yes",4,3))),_xlpm.coverage,VALUE(SUBSTITUTE(SUBSTITUTE($S11,"$",""),",","")),_xlpm.base,_xlpm.rate*(_xlpm.coverage/1000),_xlpm.fee,_xlfn.XLOOKUP("Mutual of Omaha-Graded",Key!$B$1:$U$1,Key!$B$2:$U$2,0),_xlpm.mf,_xlfn.XLOOKUP("Mutual of Omaha-Graded",Key!$B$1:$U$1,Key!$B$3:$U$3,0),IF(_xlpm.mf>0,(_xlpm.base+_xlpm.fee)*_xlpm.mf,(_xlpm.base+_xlpm.fee)/12)),"")} | AZ11: =AP11 | BA11: =IFERROR(IF(AND(AP11>0,AP11<VALUE(SUBSTITUTE(SUBSTITUTE($T11,"$",""),",",""))),VALUE(SUBSTITUTE(SUBSTITUTE($T11,"$",""),",",""))-AP11,""),"") | BB11: =AL11 | BC11: =IFERROR(IF(AND(AL11>0,AL11<VALUE(SUBSTITUTE(SUBSTITUTE($T11,"$",""),",",""))),VALUE(SUBSTITUTE(SUBSTITUTE($T11,"$",""),",",""))-AL11,""),"") | BD11: {=IFERROR(_xlfn.LET(_xlpm.current,VALUE(SUBSTITUTE(SUBSTITUTE($T11,"$",""),",","")),_xlpm.quotes,AF11:AY11,_xlpm.lowest,_xlfn.MINIFS(_xlpm.quotes,_xlpm.quotes,"<"&_xlpm.current,_xlpm.quotes,">0"),IF(_xlpm.lowest="","",SUBSTITUTE(INDEX($AF$1:$AY$1,1,MATCH(_xlpm.lowest,_xlpm.quotes,0))," Monthly Quote",""))),"")} | BE11: {=IFERROR(_xlfn.LET(_xlpm.current,VALUE(SUBSTITUTE(SUBSTITUTE($T11,"$",""),",","")),_xlpm.quotes,AF11:AY11,_xlpm.lowest,_xlfn.MINIFS(_xlpm.quotes,_xlpm.quotes,"<"&_xlpm.current,_xlpm.quotes,">0"),IF(_xlpm.lowest="","",_xlpm.current-_xlpm.lowest)),"")}
A12: Charlene P | B12: Walls | C12: 7043929813 | D12: 77 | E12: 17791 | F12: Female | G12: 9725 Feldbank Dr Charlotte NC 28216 | H12: NC | I12: 5.8 | J12: 170 | K12: No | L12: . | M12: Burial | N12: Lisa Hunter: 06/16/1964 | O12: Daughter | P12: . | Q12: . | R12: SBLI | S12: 5000 | T12: 48.34 | U12: 45980 | V12: 46010 | W12: 240783178 | X12: . | Y12: SKYLA FEDERAL CREDIT UNION | Z12: 253075028 | AA12: 253075028 | AB12: Allergies | AC12: 3 pills | AD12: Dr Walter Johnson | AE12: 77 | AF12: {=IFERROR(_xlfn.LET(_xlpm.rate,INDEX(aflac!$B$2:$E$37,MATCH($AE12,aflac!$A$2:$A$37,0),IF(LOWER(TRIM($F12))="male",IF(LOWER(TRIM($K12))="yes",2,1),IF(LOWER(TRIM($K12))="yes",4,3))),_xlpm.coverage,VALUE(SUBSTITUTE(SUBSTITUTE($S12,"$",""),",","")),_xlpm.base,_xlpm.rate*(_xlpm.coverage/1000),_xlpm.fee,_xlfn.XLOOKUP("aflac",Key!$B$1:$U$1,Key!$B$2:$U$2,0),_xlpm.mf,_xlfn.XLOOKUP("aflac",Key!$B$1:$U$1,Key!$B$3:$U$3,0),IF(_xlpm.mf>0,(_xlpm.base+_xlpm.fee)*_xlpm.mf,(_xlpm.base+_xlpm.fee)/12)),"")} | AG12: {=IFERROR(_xlfn.LET(_xlpm.rate,INDEX('aflac-modified'!$B$2:$C$32,MATCH($AE12,'aflac-modified'!$A$2:$A$32,0),IF(LOWER(TRIM($F12))="male",1,2)),_xlpm.coverage,VALUE(SUBSTITUTE(SUBSTITUTE($S12,"$",""),",","")),_xlpm.base,_xlpm.rate*(_xlpm.coverage/1000),_xlpm.fee,_xlfn.XLOOKUP("aflac-modified",Key!$B$1:$U$1,Key!$B$2:$U$2,0),_xlpm.mf,_xlfn.XLOOKUP("aflac-modified",Key!$B$1:$U$1,Key!$B$3:$U$3,0),IF(_xlpm.mf>0,(_xlpm.base+_xlpm.fee)*_xlpm.mf,(_xlpm.base+_xlpm.fee)/12)),"")} | AH12: {=IFERROR(_xlfn.LET(_xlpm.rate,INDEX(SBLI!$B$2:$E$37,MATCH($AE12,SBLI!$A$2:$A$37,0),IF(LOWER(TRIM($F12))="male",IF(LOWER(TRIM($K12))="yes",2,1),IF(LOWER(TRIM($K12))="yes",4,3))),_xlpm.coverage,VALUE(SUBSTITUTE(SUBSTITUTE($S12,"$",""),",","")),_xlpm.base,_xlpm.rate*(_xlpm.coverage/1000),_xlpm.fee,_xlfn.XLOOKUP("SBLI",Key!$B$1:$U$1,Key!$B$2:$U$2,0),_xlpm.mf,_xlfn.XLOOKUP("SBLI",Key!$B$1:$U$1,Key!$B$3:$U$3,0),IF(_xlpm.mf>0,(_xlpm.base+_xlpm.fee)*_xlpm.mf,(_xlpm.base+_xlpm.fee)/12)),"")} | AI12: {=IFERROR(_xlfn.LET(_xlpm.rate,INDEX('SBLI-Modified'!$B$2:$E$27,MATCH($AE12,'SBLI-Modified'!$A$2:$A$27,0),IF(LOWER(TRIM($F12))="male",IF(LOWER(TRIM($K12))="yes",2,1),IF(LOWER(TRIM($K12))="yes",4,3))),_xlpm.coverage,VALUE(SUBSTITUTE(SUBSTITUTE($S12,"$",""),",","")),_xlpm.base,_xlpm.rate*(_xlpm.coverage/1000),_xlpm.fee,_xlfn.XLOOKUP("SBLI-Modified",Key!$B$1:$U$1,Key!$B$2:$U$2,0),_xlpm.mf,_xlfn.XLOOKUP("SBLI-Modified",Key!$B$1:$U$1,Key!$B$3:$U$3,0),IF(_xlpm.mf>0,(_xlpm.base+_xlpm.fee)*_xlpm.mf,(_xlpm.base+_xlpm.fee)/12)),"")} | AJ12: {=IFERROR(_xlfn.LET(_xlpm.rate,INDEX(CICA!$B$2:$C$42,MATCH($AE12,CICA!$A$2:$A$42,0),IF(LOWER(TRIM($F12))="male",1,2)),_xlpm.coverage,VALUE(SUBSTITUTE(SUBSTITUTE($S12,"$",""),",","")),_xlpm.base,_xlpm.rate*(_xlpm.coverage/1000),_xlpm.fee,_xlfn.XLOOKUP("CICA",Key!$B$1:$U$1,Key!$B$2:$U$2,0),_xlpm.mf,_xlfn.XLOOKUP("CICA",Key!$B$1:$U$1,Key!$B$3:$U$3,0),IF(_xlpm.mf>0,(_xlpm.base+_xlpm.fee)*_xlpm.mf,(_xlpm.base+_xlpm.fee)/12)),"")} | AK12: {=IFERROR(_xlfn.LET(_xlpm.rate,INDEX('CICA-GI'!$B$2:$C$47,MATCH($AE12,'CICA-GI'!$A$2:$A$47,0),IF(LOWER(TRIM($F12))="male",1,2)),_xlpm.coverage,VALUE(SUBSTITUTE(SUBSTITUTE($S12,"$",""),",","")),_xlpm.base,_xlpm.rate*(_xlpm.coverage/1000),_xlpm.fee,_xlfn.XLOOKUP("CICA-GI",Key!$B$1:$U$1,Key!$B$2:$U$2,0),_xlpm.mf,_xlfn.XLOOKUP("CICA-GI",Key!$B$1:$U$1,Key!$B$3:$U$3,0),IF(_xlpm.mf>0,(_xlpm.base+_xlpm.fee)*_xlpm.mf,(_xlpm.base+_xlpm.fee)/12)),"")} | AL12: {=IFERROR(_xlfn.LET(_xlpm.rate,INDEX(gtl!$B$2:$C$52,MATCH($AE12,gtl!$A$2:$A$52,0),IF(LOWER(TRIM($F12))="male",1,2)),_xlpm.coverage,VALUE(SUBSTITUTE(SUBSTITUTE($S12,"$",""),",","")),_xlpm.base,_xlpm.rate*(_xlpm.coverage/1000),_xlpm.fee,_xlfn.XLOOKUP("gtl",Key!$B$1:$U$1,Key!$B$2:$U$2,0),_xlpm.mf,_xlfn.XLOOKUP("gtl",Key!$B$1:$U$1,Key!$B$3:$U$3,0),IF(_xlpm.mf>0,(_xlpm.base+_xlpm.fee)*_xlpm.mf,(_xlpm.base+_xlpm.fee)/12)),"")} | AM12: {=IFERROR(_xlfn.LET(_xlpm.rate,INDEX(TransAmerica!$B$2:$E$69,MATCH($AE12,TransAmerica!$A$2:$A$69,0),IF(LOWER(TRIM($F12))="male",IF(LOWER(TRIM($K12))="yes",2,1),IF(LOWER(TRIM($K12))="yes",4,3))),_xlpm.coverage,VALUE(SUBSTITUTE(SUBSTITUTE($S12,"$",""),",","")),_xlpm.base,_xlpm.rate*(_xlpm.coverage/1000),_xlpm.fee,_xlfn.XLOOKUP("TransAmerica",Key!$B$1:$U$1,Key!$B$2:$U$2,0),_xlpm.mf,_xlfn.XLOOKUP("TransAmerica",Key!$B$1:$U$1,Key!$B$3:$U$3,0),IF(_xlpm.mf>0,(_xlpm.base+_xlpm.fee)*_xlpm.mf,(_xlpm.base+_xlpm.fee)/12)),"")} | AN12: {=IFERROR(_xlfn.LET(_xlpm.rate,INDEX('TransAmerica Graded'!$B$2:$E$64,MATCH($AE12,'TransAmerica Graded'!$A$2:$A$64,0),IF(LOWER(TRIM($F12))="male",IF(LOWER(TRIM($K12))="yes",2,1),IF(LOWER(TRIM($K12))="yes",4,3))),_xlpm.coverage,VALUE(SUBSTITUTE(SUBSTITUTE($S12,"$",""),",","")),_xlpm.base,_xlpm.rate*(_xlpm.coverage/1000),_xlpm.fee,_xlfn.XLOOKUP("TransAmerica Graded",Key!$B$1:$U$1,Key!$B$2:$U$2,0),_xlpm.mf,_xlfn.XLOOKUP("TransAmerica Graded",Key!$B$1:$U$1,Key!$B$3:$U$3,0),IF(_xlpm.mf>0,(_xlpm.base+_xlpm.fee)*_xlpm.mf,(_xlpm.base+_xlpm.fee)/12)),"")} | AO12: {=IFERROR(_xlfn.LET(_xlpm.rate,INDEX(Corebridge!$B$2:$C$32,MATCH($AE12,Corebridge!$A$2:$A$32,0),IF(LOWER(TRIM($F12))="male",1,2)),_xlpm.coverage,VALUE(SUBSTITUTE(SUBSTITUTE($S12,"$",""),",","")),_xlpm.base,_xlpm.rate*(_xlpm.coverage/1000),_xlpm.fee,_xlfn.XLOOKUP("Corebridge",Key!$B$1:$U$1,Key!$B$2:$U$2,0),_xlpm.mf,_xlfn.XLOOKUP("Corebridge",Key!$B$1:$U$1,Key!$B$3:$U$3,0),IF(_xlpm.mf>0,(_xlpm.base+_xlpm.fee)*_xlpm.mf,(_xlpm.base+_xlpm.fee)/12)),"")} | AP12: {=IFERROR(_xlfn.LET(_xlpm.rate,INDEX(amam!$B$2:$E$37,MATCH($AE12,amam!$A$2:$A$37,0),IF(LOWER(TRIM($F12))="male",IF(LOWER(TRIM($K12))="yes",2,1),IF(LOWER(TRIM($K12))="yes",4,3))),_xlpm.coverage,VALUE(SUBSTITUTE(SUBSTITUTE($S12,"$",""),",","")),_xlpm.base,_xlpm.rate*(_xlpm.coverage/1000),_xlpm.fee,_xlfn.XLOOKUP("amam",Key!$B$1:$U$1,Key!$B$2:$U$2,0),_xlpm.mf,_xlfn.XLOOKUP("amam",Key!$B$1:$U$1,Key!$B$3:$U$3,0),IF(_xlpm.mf>0,(_xlpm.base+_xlpm.fee)*_xlpm.mf,(_xlpm.base+_xlpm.fee)/12)),"")} | AQ12: {=IFERROR(_xlfn.LET(_xlpm.rate,INDEX('amam-graded'!$B$2:$E$37,MATCH($AE12,'amam-graded'!$A$2:$A$37,0),IF(LOWER(TRIM($F12))="male",IF(LOWER(TRIM($K12))="yes",2,1),IF(LOWER(TRIM($K12))="yes",4,3))),_xlpm.coverage,VALUE(SUBSTITUTE(SUBSTITUTE($S12,"$",""),",","")),_xlpm.base,_xlpm.rate*(_xlpm.coverage/1000),_xlpm.fee,_xlfn.XLOOKUP("amam-graded",Key!$B$1:$U$1,Key!$B$2:$U$2,0),_xlpm.mf,_xlfn.XLOOKUP("amam-graded",Key!$B$1:$U$1,Key!$B$3:$U$3,0),IF(_xlpm.mf>0,(_xlpm.base+_xlpm.fee)*_xlpm.mf,(_xlpm.base+_xlpm.fee)/12)),"")} | AR12: {=IFERROR(_xlfn.LET(_xlpm.rate,INDEX('amam-return-or-premium'!$B$2:$E$37,MATCH($AE12,'amam-return-or-premium'!$A$2:$A$37,0),IF(LOWER(TRIM($F12))="male",IF(LOWER(TRIM($K12))="yes",2,1),IF(LOWER(TRIM($K12))="yes",4,3))),_xlpm.coverage,VALUE(SUBSTITUTE(SUBSTITUTE($S12,"$",""),",","")),_xlpm.base,_xlpm.rate*(_xlpm.coverage/1000),_xlpm.fee,_xlfn.XLOOKUP("amam-return-or-premium",Key!$B$1:$U$1,Key!$B$2:$U$2,0),_xlpm.mf,_xlfn.XLOOKUP("amam-return-or-premium",Key!$B$1:$U$1,Key!$B$3:$U$3,0),IF(_xlpm.mf>0,(_xlpm.base+_xlpm.fee)*_xlpm.mf,(_xlpm.base+_xlpm.fee)/12)),"")} | AS12: {=IFERROR(_xlfn.LET(_xlpm.rate,INDEX(AHL!$B$2:$E$37,MATCH($AE12,AHL!$A$2:$A$37,0),IF(LOWER(TRIM($F12))="male",IF(LOWER(TRIM($K12))="yes",2,1),IF(LOWER(TRIM($K12))="yes",4,3))),_xlpm.coverage,VALUE(SUBSTITUTE(SUBSTITUTE($S12,"$",""),",","")),_xlpm.base,_xlpm.rate*(_xlpm.coverage/1000),_xlpm.fee,_xlfn.XLOOKUP("AHL",Key!$B$1:$U$1,Key!$B$2:$U$2,0),_xlpm.mf,_xlfn.XLOOKUP("AHL",Key!$B$1:$U$1,Key!$B$3:$U$3,0),IF(_xlpm.mf>0,(_xlpm.base+_xlpm.fee)*_xlpm.mf,(_xlpm.base+_xlpm.fee)/12)),"")} | AT12: {=IFERROR(_xlfn.LET(_xlpm.rate,INDEX('AHL-Graded'!$B$2:$E$32,MATCH($AE12,'AHL-Graded'!$A$2:$A$32,0),IF(LOWER(TRIM($F12))="male",IF(LOWER(TRIM($K12))="yes",2,1),IF(LOWER(TRIM($K12))="yes",4,3))),_xlpm.coverage,VALUE(SUBSTITUTE(SUBSTITUTE($S12,"$",""),",","")),_xlpm.base,_xlpm.rate*(_xlpm.coverage/1000),_xlpm.fee,_xlfn.XLOOKUP("AHL-Graded",Key!$B$1:$U$1,Key!$B$2:$U$2,0),_xlpm.mf,_xlfn.XLOOKUP("AHL-Graded",Key!$B$1:$U$1,Key!$B$3:$U$3,0),IF(_xlpm.mf>0,(_xlpm.base+_xlpm.fee)*_xlpm.mf,(_xlpm.base+_xlpm.fee)/12)),"")} | AU12: {=IFERROR(_xlfn.LET(_xlpm.rate,INDEX('Royal Neighbors'!$B$2:$E$37,MATCH($AE12,'Royal Neighbors'!$A$2:$A$37,0),IF(LOWER(TRIM($F12))="male",IF(LOWER(TRIM($K12))="yes",2,1),IF(LOWER(TRIM($K12))="yes",4,3))),_xlpm.coverage,VALUE(SUBSTITUTE(SUBSTITUTE($S12,"$",""),",","")),_xlpm.base,_xlpm.rate*(_xlpm.coverage/1000),_xlpm.fee,_xlfn.XLOOKUP("Royal Neighbors",Key!$B$1:$U$1,Key!$B$2:$U$2,0),_xlpm.mf,_xlfn.XLOOKUP("Royal Neighbors",Key!$B$1:$U$1,Key!$B$3:$U$3,0),IF(_xlpm.mf>0,(_xlpm.base+_xlpm.fee)*_xlpm.mf,(_xlpm.base+_xlpm.fee)/12)),"")} | AV12: {=IFERROR(_xlfn.LET(_xlpm.rate,INDEX('Royal Neighbors-Graded'!$B$2:$E$37,MATCH($AE12,'Royal Neighbors-Graded'!$A$2:$A$37,0),IF(LOWER(TRIM($F12))="male",IF(LOWER(TRIM($K12))="yes",2,1),IF(LOWER(TRIM($K12))="yes",4,3))),_xlpm.coverage,VALUE(SUBSTITUTE(SUBSTITUTE($S12,"$",""),",","")),_xlpm.base,_xlpm.rate*(_xlpm.coverage/1000),_xlpm.fee,_xlfn.XLOOKUP("Royal Neighbors-Graded",Key!$B$1:$U$1,Key!$B$2:$U$2,0),_xlpm.mf,_xlfn.XLOOKUP("Royal Neighbors-Graded",Key!$B$1:$U$1,Key!$B$3:$U$3,0),IF(_xlpm.mf>0,(_xlpm.base+_xlpm.fee)*_xlpm.mf,(_xlpm.base+_xlpm.fee)/12)),"")} | AW12: {=IFERROR(_xlfn.LET(_xlpm.rate,INDEX('Gerber-GI'!$B$2:$C$32,MATCH($AE12,'Gerber-GI'!$A$2:$A$32,0),IF(LOWER(TRIM($F12))="male",1,2)),_xlpm.coverage,VALUE(SUBSTITUTE(SUBSTITUTE($S12,"$",""),",","")),_xlpm.base,_xlpm.rate*(_xlpm.coverage/1000),_xlpm.fee,_xlfn.XLOOKUP("Gerber-GI",Key!$B$1:$U$1,Key!$B$2:$U$2,0),_xlpm.mf,_xlfn.XLOOKUP("Gerber-GI",Key!$B$1:$U$1,Key!$B$3:$U$3,0),IF(_xlpm.mf>0,(_xlpm.base+_xlpm.fee)*_xlpm.mf,(_xlpm.base+_xlpm.fee)/12)),"")} | AX12: {=IFERROR(_xlfn.LET(_xlpm.rate,INDEX('Mutual of Omaha'!$B$2:$E$42,MATCH($AE12,'Mutual of Omaha'!$A$2:$A$42,0),IF(LOWER(TRIM($F12))="male",IF(LOWER(TRIM($K12))="yes",2,1),IF(LOWER(TRIM($K12))="yes",4,3))),_xlpm.coverage,VALUE(SUBSTITUTE(SUBSTITUTE($S12,"$",""),",","")),_xlpm.base,_xlpm.rate*(_xlpm.coverage/1000),_xlpm.fee,_xlfn.XLOOKUP("Mutal of Omaha",Key!$B$1:$U$1,Key!$B$2:$U$2,0),_xlpm.mf,_xlfn.XLOOKUP("Mutal of Omaha",Key!$B$1:$U$1,Key!$B$3:$U$3,0),IF(_xlpm.mf>0,(_xlpm.base+_xlpm.fee)*_xlpm.mf,(_xlpm.base+_xlpm.fee)/12)),"")} | AY12: {=IFERROR(_xlfn.LET(_xlpm.rate,INDEX('Mutual of Omaha-Graded'!$B$2:$E$37,MATCH($AE12,'Mutual of Omaha-Graded'!$A$2:$A$37,0),IF(LOWER(TRIM($F12))="male",IF(LOWER(TRIM($K12))="yes",2,1),IF(LOWER(TRIM($K12))="yes",4,3))),_xlpm.coverage,VALUE(SUBSTITUTE(SUBSTITUTE($S12,"$",""),",","")),_xlpm.base,_xlpm.rate*(_xlpm.coverage/1000),_xlpm.fee,_xlfn.XLOOKUP("Mutual of Omaha-Graded",Key!$B$1:$U$1,Key!$B$2:$U$2,0),_xlpm.mf,_xlfn.XLOOKUP("Mutual of Omaha-Graded",Key!$B$1:$U$1,Key!$B$3:$U$3,0),IF(_xlpm.mf>0,(_xlpm.base+_xlpm.fee)*_xlpm.mf,(_xlpm.base+_xlpm.fee)/12)),"")} | AZ12: =AP12 | BA12: =IFERROR(IF(AND(AP12>0,AP12<VALUE(SUBSTITUTE(SUBSTITUTE($T12,"$",""),",",""))),VALUE(SUBSTITUTE(SUBSTITUTE($T12,"$",""),",",""))-AP12,""),"") | BB12: =AL12 | BC12: =IFERROR(IF(AND(AL12>0,AL12<VALUE(SUBSTITUTE(SUBSTITUTE($T12,"$",""),",",""))),VALUE(SUBSTITUTE(SUBSTITUTE($T12,"$",""),",",""))-AL12,""),"") | BD12: {=IFERROR(_xlfn.LET(_xlpm.current,VALUE(SUBSTITUTE(SUBSTITUTE($T12,"$",""),",","")),_xlpm.quotes,AF12:AY12,_xlpm.lowest,_xlfn.MINIFS(_xlpm.quotes,_xlpm.quotes,"<"&_xlpm.current,_xlpm.quotes,">0"),IF(_xlpm.lowest="","",SUBSTITUTE(INDEX($AF$1:$AY$1,1,MATCH(_xlpm.lowest,_xlpm.quotes,0))," Monthly Quote",""))),"")} | BE12: {=IFERROR(_xlfn.LET(_xlpm.current,VALUE(SUBSTITUTE(SUBSTITUTE($T12,"$",""),",","")),_xlpm.quotes,AF12:AY12,_xlpm.lowest,_xlfn.MINIFS(_xlpm.quotes,_xlpm.quotes,"<"&_xlpm.current,_xlpm.quotes,">0"),IF(_xlpm.lowest="","",_xlpm.current-_xlpm.lowest)),"")}
A13: Richard L | B13: Stein | C13: 4144661786 | D13: 70 | E13: 20134 | F13: Male | G13: 5139 N 56th St Milwaukee Wi 53218 | H13: WI | I13: 5.11 | J13: 190 | K13: Yes | L13: . | M13: Burial | N13: Larry Stein: 02/16/1952 | O13: Brother | P13: . | Q13: . | R13: SBLI | S13: 4000 | T13: 55.34 | U13: 45995 | V13: 46026 | W13: 396549926 | X13: . | Y13: US Bank | Z13: 75000022 | AA13: 182000000000 | AB13: Thyroid Chelostrol Enlarged Prostate | AC13: Livothiroxin Alfuzosin Atorvastatin | AD13: Dr. David Jenks | AE13: 71 | AF13: {=IFERROR(_xlfn.LET(_xlpm.rate,INDEX(aflac!$B$2:$E$37,MATCH($AE13,aflac!$A$2:$A$37,0),IF(LOWER(TRIM($F13))="male",IF(LOWER(TRIM($K13))="yes",2,1),IF(LOWER(TRIM($K13))="yes",4,3))),_xlpm.coverage,VALUE(SUBSTITUTE(SUBSTITUTE($S13,"$",""),",","")),_xlpm.base,_xlpm.rate*(_xlpm.coverage/1000),_xlpm.fee,_xlfn.XLOOKUP("aflac",Key!$B$1:$U$1,Key!$B$2:$U$2,0),_xlpm.mf,_xlfn.XLOOKUP("aflac",Key!$B$1:$U$1,Key!$B$3:$U$3,0),IF(_xlpm.mf>0,(_xlpm.base+_xlpm.fee)*_xlpm.mf,(_xlpm.base+_xlpm.fee)/12)),"")} | AG13: {=IFERROR(_xlfn.LET(_xlpm.rate,INDEX('aflac-modified'!$B$2:$C$32,MATCH($AE13,'aflac-modified'!$A$2:$A$32,0),IF(LOWER(TRIM($F13))="male",1,2)),_xlpm.coverage,VALUE(SUBSTITUTE(SUBSTITUTE($S13,"$",""),",","")),_xlpm.base,_xlpm.rate*(_xlpm.coverage/1000),_xlpm.fee,_xlfn.XLOOKUP("aflac-modified",Key!$B$1:$U$1,Key!$B$2:$U$2,0),_xlpm.mf,_xlfn.XLOOKUP("aflac-modified",Key!$B$1:$U$1,Key!$B$3:$U$3,0),IF(_xlpm.mf>0,(_xlpm.base+_xlpm.fee)*_xlpm.mf,(_xlpm.base+_xlpm.fee)/12)),"")} | AH13: {=IFERROR(_xlfn.LET(_xlpm.rate,INDEX(SBLI!$B$2:$E$37,MATCH($AE13,SBLI!$A$2:$A$37,0),IF(LOWER(TRIM($F13))="male",IF(LOWER(TRIM($K13))="yes",2,1),IF(LOWER(TRIM($K13))="yes",4,3))),_xlpm.coverage,VALUE(SUBSTITUTE(SUBSTITUTE($S13,"$",""),",","")),_xlpm.base,_xlpm.rate*(_xlpm.coverage/1000),_xlpm.fee,_xlfn.XLOOKUP("SBLI",Key!$B$1:$U$1,Key!$B$2:$U$2,0),_xlpm.mf,_xlfn.XLOOKUP("SBLI",Key!$B$1:$U$1,Key!$B$3:$U$3,0),IF(_xlpm.mf>0,(_xlpm.base+_xlpm.fee)*_xlpm.mf,(_xlpm.base+_xlpm.fee)/12)),"")} | AI13: {=IFERROR(_xlfn.LET(_xlpm.rate,INDEX('SBLI-Modified'!$B$2:$E$27,MATCH($AE13,'SBLI-Modified'!$A$2:$A$27,0),IF(LOWER(TRIM($F13))="male",IF(LOWER(TRIM($K13))="yes",2,1),IF(LOWER(TRIM($K13))="yes",4,3))),_xlpm.coverage,VALUE(SUBSTITUTE(SUBSTITUTE($S13,"$",""),",","")),_xlpm.base,_xlpm.rate*(_xlpm.coverage/1000),_xlpm.fee,_xlfn.XLOOKUP("SBLI-Modified",Key!$B$1:$U$1,Key!$B$2:$U$2,0),_xlpm.mf,_xlfn.XLOOKUP("SBLI-Modified",Key!$B$1:$U$1,Key!$B$3:$U$3,0),IF(_xlpm.mf>0,(_xlpm.base+_xlpm.fee)*_xlpm.mf,(_xlpm.base+_xlpm.fee)/12)),"")} | AJ13: {=IFERROR(_xlfn.LET(_xlpm.rate,INDEX(CICA!$B$2:$C$42,MATCH($AE13,CICA!$A$2:$A$42,0),IF(LOWER(TRIM($F13))="male",1,2)),_xlpm.coverage,VALUE(SUBSTITUTE(SUBSTITUTE($S13,"$",""),",","")),_xlpm.base,_xlpm.rate*(_xlpm.coverage/1000),_xlpm.fee,_xlfn.XLOOKUP("CICA",Key!$B$1:$U$1,Key!$B$2:$U$2,0),_xlpm.mf,_xlfn.XLOOKUP("CICA",Key!$B$1:$U$1,Key!$B$3:$U$3,0),IF(_xlpm.mf>0,(_xlpm.base+_xlpm.fee)*_xlpm.mf,(_xlpm.base+_xlpm.fee)/12)),"")} | AK13: {=IFERROR(_xlfn.LET(_xlpm.rate,INDEX('CICA-GI'!$B$2:$C$47,MATCH($AE13,'CICA-GI'!$A$2:$A$47,0),IF(LOWER(TRIM($F13))="male",1,2)),_xlpm.coverage,VALUE(SUBSTITUTE(SUBSTITUTE($S13,"$",""),",","")),_xlpm.base,_xlpm.rate*(_xlpm.coverage/1000),_xlpm.fee,_xlfn.XLOOKUP("CICA-GI",Key!$B$1:$U$1,Key!$B$2:$U$2,0),_xlpm.mf,_xlfn.XLOOKUP("CICA-GI",Key!$B$1:$U$1,Key!$B$3:$U$3,0),IF(_xlpm.mf>0,(_xlpm.base+_xlpm.fee)*_xlpm.mf,(_xlpm.base+_xlpm.fee)/12)),"")} | AL13: {=IFERROR(_xlfn.LET(_xlpm.rate,INDEX(gtl!$B$2:$C$52,MATCH($AE13,gtl!$A$2:$A$52,0),IF(LOWER(TRIM($F13))="male",1,2)),_xlpm.coverage,VALUE(SUBSTITUTE(SUBSTITUTE($S13,"$",""),",","")),_xlpm.base,_xlpm.rate*(_xlpm.coverage/1000),_xlpm.fee,_xlfn.XLOOKUP("gtl",Key!$B$1:$U$1,Key!$B$2:$U$2,0),_xlpm.mf,_xlfn.XLOOKUP("gtl",Key!$B$1:$U$1,Key!$B$3:$U$3,0),IF(_xlpm.mf>0,(_xlpm.base+_xlpm.fee)*_xlpm.mf,(_xlpm.base+_xlpm.fee)/12)),"")} | AM13: {=IFERROR(_xlfn.LET(_xlpm.rate,INDEX(TransAmerica!$B$2:$E$69,MATCH($AE13,TransAmerica!$A$2:$A$69,0),IF(LOWER(TRIM($F13))="male",IF(LOWER(TRIM($K13))="yes",2,1),IF(LOWER(TRIM($K13))="yes",4,3))),_xlpm.coverage,VALUE(SUBSTITUTE(SUBSTITUTE($S13,"$",""),",","")),_xlpm.base,_xlpm.rate*(_xlpm.coverage/1000),_xlpm.fee,_xlfn.XLOOKUP("TransAmerica",Key!$B$1:$U$1,Key!$B$2:$U$2,0),_xlpm.mf,_xlfn.XLOOKUP("TransAmerica",Key!$B$1:$U$1,Key!$B$3:$U$3,0),IF(_xlpm.mf>0,(_xlpm.base+_xlpm.fee)*_xlpm.mf,(_xlpm.base+_xlpm.fee)/12)),"")} | AN13: {=IFERROR(_xlfn.LET(_xlpm.rate,INDEX('TransAmerica Graded'!$B$2:$E$64,MATCH($AE13,'TransAmerica Graded'!$A$2:$A$64,0),IF(LOWER(TRIM($F13))="male",IF(LOWER(TRIM($K13))="yes",2,1),IF(LOWER(TRIM($K13))="yes",4,3))),_xlpm.coverage,VALUE(SUBSTITUTE(SUBSTITUTE($S13,"$",""),",","")),_xlpm.base,_xlpm.rate*(_xlpm.coverage/1000),_xlpm.fee,_xlfn.XLOOKUP("TransAmerica Graded",Key!$B$1:$U$1,Key!$B$2:$U$2,0),_xlpm.mf,_xlfn.XLOOKUP("TransAmerica Graded",Key!$B$1:$U$1,Key!$B$3:$U$3,0),IF(_xlpm.mf>0,(_xlpm.base+_xlpm.fee)*_xlpm.mf,(_xlpm.base+_xlpm.fee)/12)),"")} | AO13: {=IFERROR(_xlfn.LET(_xlpm.rate,INDEX(Corebridge!$B$2:$C$32,MATCH($AE13,Corebridge!$A$2:$A$32,0),IF(LOWER(TRIM($F13))="male",1,2)),_xlpm.coverage,VALUE(SUBSTITUTE(SUBSTITUTE($S13,"$",""),",","")),_xlpm.base,_xlpm.rate*(_xlpm.coverage/1000),_xlpm.fee,_xlfn.XLOOKUP("Corebridge",Key!$B$1:$U$1,Key!$B$2:$U$2,0),_xlpm.mf,_xlfn.XLOOKUP("Corebridge",Key!$B$1:$U$1,Key!$B$3:$U$3,0),IF(_xlpm.mf>0,(_xlpm.base+_xlpm.fee)*_xlpm.mf,(_xlpm.base+_xlpm.fee)/12)),"")} | AP13: {=IFERROR(_xlfn.LET(_xlpm.rate,INDEX(amam!$B$2:$E$37,MATCH($AE13,amam!$A$2:$A$37,0),IF(LOWER(TRIM($F13))="male",IF(LOWER(TRIM($K13))="yes",2,1),IF(LOWER(TRIM($K13))="yes",4,3))),_xlpm.coverage,VALUE(SUBSTITUTE(SUBSTITUTE($S13,"$",""),",","")),_xlpm.base,_xlpm.rate*(_xlpm.coverage/1000),_xlpm.fee,_xlfn.XLOOKUP("amam",Key!$B$1:$U$1,Key!$B$2:$U$2,0),_xlpm.mf,_xlfn.XLOOKUP("amam",Key!$B$1:$U$1,Key!$B$3:$U$3,0),IF(_xlpm.mf>0,(_xlpm.base+_xlpm.fee)*_xlpm.mf,(_xlpm.base+_xlpm.fee)/12)),"")} | AQ13: {=IFERROR(_xlfn.LET(_xlpm.rate,INDEX('amam-graded'!$B$2:$E$37,MATCH($AE13,'amam-graded'!$A$2:$A$37,0),IF(LOWER(TRIM($F13))="male",IF(LOWER(TRIM($K13))="yes",2,1),IF(LOWER(TRIM($K13))="yes",4,3))),_xlpm.coverage,VALUE(SUBSTITUTE(SUBSTITUTE($S13,"$",""),",","")),_xlpm.base,_xlpm.rate*(_xlpm.coverage/1000),_xlpm.fee,_xlfn.XLOOKUP("amam-graded",Key!$B$1:$U$1,Key!$B$2:$U$2,0),_xlpm.mf,_xlfn.XLOOKUP("amam-graded",Key!$B$1:$U$1,Key!$B$3:$U$3,0),IF(_xlpm.mf>0,(_xlpm.base+_xlpm.fee)*_xlpm.mf,(_xlpm.base+_xlpm.fee)/12)),"")} | AR13: {=IFERROR(_xlfn.LET(_xlpm.rate,INDEX('amam-return-or-premium'!$B$2:$E$37,MATCH($AE13,'amam-return-or-premium'!$A$2:$A$37,0),IF(LOWER(TRIM($F13))="male",IF(LOWER(TRIM($K13))="yes",2,1),IF(LOWER(TRIM($K13))="yes",4,3))),_xlpm.coverage,VALUE(SUBSTITUTE(SUBSTITUTE($S13,"$",""),",","")),_xlpm.base,_xlpm.rate*(_xlpm.coverage/1000),_xlpm.fee,_xlfn.XLOOKUP("amam-return-or-premium",Key!$B$1:$U$1,Key!$B$2:$U$2,0),_xlpm.mf,_xlfn.XLOOKUP("amam-return-or-premium",Key!$B$1:$U$1,Key!$B$3:$U$3,0),IF(_xlpm.mf>0,(_xlpm.base+_xlpm.fee)*_xlpm.mf,(_xlpm.base+_xlpm.fee)/12)),"")} | AS13: {=IFERROR(_xlfn.LET(_xlpm.rate,INDEX(AHL!$B$2:$E$37,MATCH($AE13,AHL!$A$2:$A$37,0),IF(LOWER(TRIM($F13))="male",IF(LOWER(TRIM($K13))="yes",2,1),IF(LOWER(TRIM($K13))="yes",4,3))),_xlpm.coverage,VALUE(SUBSTITUTE(SUBSTITUTE($S13,"$",""),",","")),_xlpm.base,_xlpm.rate*(_xlpm.coverage/1000),_xlpm.fee,_xlfn.XLOOKUP("AHL",Key!$B$1:$U$1,Key!$B$2:$U$2,0),_xlpm.mf,_xlfn.XLOOKUP("AHL",Key!$B$1:$U$1,Key!$B$3:$U$3,0),IF(_xlpm.mf>0,(_xlpm.base+_xlpm.fee)*_xlpm.mf,(_xlpm.base+_xlpm.fee)/12)),"")} | AT13: {=IFERROR(_xlfn.LET(_xlpm.rate,INDEX('AHL-Graded'!$B$2:$E$32,MATCH($AE13,'AHL-Graded'!$A$2:$A$32,0),IF(LOWER(TRIM($F13))="male",IF(LOWER(TRIM($K13))="yes",2,1),IF(LOWER(TRIM($K13))="yes",4,3))),_xlpm.coverage,VALUE(SUBSTITUTE(SUBSTITUTE($S13,"$",""),",","")),_xlpm.base,_xlpm.rate*(_xlpm.coverage/1000),_xlpm.fee,_xlfn.XLOOKUP("AHL-Graded",Key!$B$1:$U$1,Key!$B$2:$U$2,0),_xlpm.mf,_xlfn.XLOOKUP("AHL-Graded",Key!$B$1:$U$1,Key!$B$3:$U$3,0),IF(_xlpm.mf>0,(_xlpm.base+_xlpm.fee)*_xlpm.mf,(_xlpm.base+_xlpm.fee)/12)),"")} | AU13: {=IFERROR(_xlfn.LET(_xlpm.rate,INDEX('Royal Neighbors'!$B$2:$E$37,MATCH($AE13,'Royal Neighbors'!$A$2:$A$37,0),IF(LOWER(TRIM($F13))="male",IF(LOWER(TRIM($K13))="yes",2,1),IF(LOWER(TRIM($K13))="yes",4,3))),_xlpm.coverage,VALUE(SUBSTITUTE(SUBSTITUTE($S13,"$",""),",","")),_xlpm.base,_xlpm.rate*(_xlpm.coverage/1000),_xlpm.fee,_xlfn.XLOOKUP("Royal Neighbors",Key!$B$1:$U$1,Key!$B$2:$U$2,0),_xlpm.mf,_xlfn.XLOOKUP("Royal Neighbors",Key!$B$1:$U$1,Key!$B$3:$U$3,0),IF(_xlpm.mf>0,(_xlpm.base+_xlpm.fee)*_xlpm.mf,(_xlpm.base+_xlpm.fee)/12)),"")} | AV13: {=IFERROR(_xlfn.LET(_xlpm.rate,INDEX('Royal Neighbors-Graded'!$B$2:$E$37,MATCH($AE13,'Royal Neighbors-Graded'!$A$2:$A$37,0),IF(LOWER(TRIM($F13))="male",IF(LOWER(TRIM($K13))="yes",2,1),IF(LOWER(TRIM($K13))="yes",4,3))),_xlpm.coverage,VALUE(SUBSTITUTE(SUBSTITUTE($S13,"$",""),",","")),_xlpm.base,_xlpm.rate*(_xlpm.coverage/1000),_xlpm.fee,_xlfn.XLOOKUP("Royal Neighbors-Graded",Key!$B$1:$U$1,Key!$B$2:$U$2,0),_xlpm.mf,_xlfn.XLOOKUP("Royal Neighbors-Graded",Key!$B$1:$U$1,Key!$B$3:$U$3,0),IF(_xlpm.mf>0,(_xlpm.base+_xlpm.fee)*_xlpm.mf,(_xlpm.base+_xlpm.fee)/12)),"")} | AW13: {=IFERROR(_xlfn.LET(_xlpm.rate,INDEX('Gerber-GI'!$B$2:$C$32,MATCH($AE13,'Gerber-GI'!$A$2:$A$32,0),IF(LOWER(TRIM($F13))="male",1,2)),_xlpm.coverage,VALUE(SUBSTITUTE(SUBSTITUTE($S13,"$",""),",","")),_xlpm.base,_xlpm.rate*(_xlpm.coverage/1000),_xlpm.fee,_xlfn.XLOOKUP("Gerber-GI",Key!$B$1:$U$1,Key!$B$2:$U$2,0),_xlpm.mf,_xlfn.XLOOKUP("Gerber-GI",Key!$B$1:$U$1,Key!$B$3:$U$3,0),IF(_xlpm.mf>0,(_xlpm.base+_xlpm.fee)*_xlpm.mf,(_xlpm.base+_xlpm.fee)/12)),"")} | AX13: {=IFERROR(_xlfn.LET(_xlpm.rate,INDEX('Mutual of Omaha'!$B$2:$E$42,MATCH($AE13,'Mutual of Omaha'!$A$2:$A$42,0),IF(LOWER(TRIM($F13))="male",IF(LOWER(TRIM($K13))="yes",2,1),IF(LOWER(TRIM($K13))="yes",4,3))),_xlpm.coverage,VALUE(SUBSTITUTE(SUBSTITUTE($S13,"$",""),",","")),_xlpm.base,_xlpm.rate*(_xlpm.coverage/1000),_xlpm.fee,_xlfn.XLOOKUP("Mutal of Omaha",Key!$B$1:$U$1,Key!$B$2:$U$2,0),_xlpm.mf,_xlfn.XLOOKUP("Mutal of Omaha",Key!$B$1:$U$1,Key!$B$3:$U$3,0),IF(_xlpm.mf>0,(_xlpm.base+_xlpm.fee)*_xlpm.mf,(_xlpm.base+_xlpm.fee)/12)),"")} | AY13: {=IFERROR(_xlfn.LET(_xlpm.rate,INDEX('Mutual of Omaha-Graded'!$B$2:$E$37,MATCH($AE13,'Mutual of Omaha-Graded'!$A$2:$A$37,0),IF(LOWER(TRIM($F13))="male",IF(LOWER(TRIM($K13))="yes",2,1),IF(LOWER(TRIM($K13))="yes",4,3))),_xlpm.coverage,VALUE(SUBSTITUTE(SUBSTITUTE($S13,"$",""),",","")),_xlpm.base,_xlpm.rate*(_xlpm.coverage/1000),_xlpm.fee,_xlfn.XLOOKUP("Mutual of Omaha-Graded",Key!$B$1:$U$1,Key!$B$2:$U$2,0),_xlpm.mf,_xlfn.XLOOKUP("Mutual of Omaha-Graded",Key!$B$1:$U$1,Key!$B$3:$U$3,0),IF(_xlpm.mf>0,(_xlpm.base+_xlpm.fee)*_xlpm.mf,(_xlpm.base+_xlpm.fee)/12)),"")} | AZ13: =AP13 | BA13: =IFERROR(IF(AND(AP13>0,AP13<VALUE(SUBSTITUTE(SUBSTITUTE($T13,"$",""),",",""))),VALUE(SUBSTITUTE(SUBSTITUTE($T13,"$",""),",",""))-AP13,""),"") | BB13: =AL13 | BC13: =IFERROR(IF(AND(AL13>0,AL13<VALUE(SUBSTITUTE(SUBSTITUTE($T13,"$",""),",",""))),VALUE(SUBSTITUTE(SUBSTITUTE($T13,"$",""),",",""))-AL13,""),"") | BD13: {=IFERROR(_xlfn.LET(_xlpm.current,VALUE(SUBSTITUTE(SUBSTITUTE($T13,"$",""),",","")),_xlpm.quotes,AF13:AY13,_xlpm.lowest,_xlfn.MINIFS(_xlpm.quotes,_xlpm.quotes,"<"&_xlpm.current,_xlpm.quotes,">0"),IF(_xlpm.lowest="","",SUBSTITUTE(INDEX($AF$1:$AY$1,1,MATCH(_xlpm.lowest,_xlpm.quotes,0))," Monthly Quote",""))),"")} | BE13: {=IFERROR(_xlfn.LET(_xlpm.current,VALUE(SUBSTITUTE(SUBSTITUTE($T13,"$",""),",","")),_xlpm.quotes,AF13:AY13,_xlpm.lowest,_xlfn.MINIFS(_xlpm.quotes,_xlpm.quotes,"<"&_xlpm.current,_xlpm.quotes,">0"),IF(_xlpm.lowest="","",_xlpm.current-_xlpm.lowest)),"")}
A14: 5105205034 | C14: 9038736341 | D14: 83 | E14: 15485 | F14: Female | G14: 501 Burnett St Wills Point, TX 75169, USA | H14: IL | I14: 5.5 | J14: 100 | K14: No | L14: NA | M14: Cremation | N14: Nancy Haraldson ( 05/24/1942 ) | O14: Sister | P14: NA | Q14: NA | R14: SBLI | S14: 2500 | T14: 41.31 | U14: 46001 | V14: 46032 | W14: 326344214 | X14: 12592017 EXP 05/24/2027 | Y14: American National Bank | Z14: 111901519 | AA14: 5105205034 | AB14: Thyroid / High Blood Pressure | AC14: Levothyroxine Irbesartan Metoprolol | AD14: Dailey Jimmy W MD | AE14: 84 | AF14: {=IFERROR(_xlfn.LET(_xlpm.rate,INDEX(aflac!$B$2:$E$37,MATCH($AE14,aflac!$A$2:$A$37,0),IF(LOWER(TRIM($F14))="male",IF(LOWER(TRIM($K14))="yes",2,1),IF(LOWER(TRIM($K14))="yes",4,3))),_xlpm.coverage,VALUE(SUBSTITUTE(SUBSTITUTE($S14,"$",""),",","")),_xlpm.base,_xlpm.rate*(_xlpm.coverage/1000),_xlpm.fee,_xlfn.XLOOKUP("aflac",Key!$B$1:$U$1,Key!$B$2:$U$2,0),_xlpm.mf,_xlfn.XLOOKUP("aflac",Key!$B$1:$U$1,Key!$B$3:$U$3,0),IF(_xlpm.mf>0,(_xlpm.base+_xlpm.fee)*_xlpm.mf,(_xlpm.base+_xlpm.fee)/12)),"")} | AG14: {=IFERROR(_xlfn.LET(_xlpm.rate,INDEX('aflac-modified'!$B$2:$C$32,MATCH($AE14,'aflac-modified'!$A$2:$A$32,0),IF(LOWER(TRIM($F14))="male",1,2)),_xlpm.coverage,VALUE(SUBSTITUTE(SUBSTITUTE($S14,"$",""),",","")),_xlpm.base,_xlpm.rate*(_xlpm.coverage/1000),_xlpm.fee,_xlfn.XLOOKUP("aflac-modified",Key!$B$1:$U$1,Key!$B$2:$U$2,0),_xlpm.mf,_xlfn.XLOOKUP("aflac-modified",Key!$B$1:$U$1,Key!$B$3:$U$3,0),IF(_xlpm.mf>0,(_xlpm.base+_xlpm.fee)*_xlpm.mf,(_xlpm.base+_xlpm.fee)/12)),"")} | AH14: {=IFERROR(_xlfn.LET(_xlpm.rate,INDEX(SBLI!$B$2:$E$37,MATCH($AE14,SBLI!$A$2:$A$37,0),IF(LOWER(TRIM($F14))="male",IF(LOWER(TRIM($K14))="yes",2,1),IF(LOWER(TRIM($K14))="yes",4,3))),_xlpm.coverage,VALUE(SUBSTITUTE(SUBSTITUTE($S14,"$",""),",","")),_xlpm.base,_xlpm.rate*(_xlpm.coverage/1000),_xlpm.fee,_xlfn.XLOOKUP("SBLI",Key!$B$1:$U$1,Key!$B$2:$U$2,0),_xlpm.mf,_xlfn.XLOOKUP("SBLI",Key!$B$1:$U$1,Key!$B$3:$U$3,0),IF(_xlpm.mf>0,(_xlpm.base+_xlpm.fee)*_xlpm.mf,(_xlpm.base+_xlpm.fee)/12)),"")} | AI14: {=IFERROR(_xlfn.LET(_xlpm.rate,INDEX('SBLI-Modified'!$B$2:$E$27,MATCH($AE14,'SBLI-Modified'!$A$2:$A$27,0),IF(LOWER(TRIM($F14))="male",IF(LOWER(TRIM($K14))="yes",2,1),IF(LOWER(TRIM($K14))="yes",4,3))),_xlpm.coverage,VALUE(SUBSTITUTE(SUBSTITUTE($S14,"$",""),",","")),_xlpm.base,_xlpm.rate*(_xlpm.coverage/1000),_xlpm.fee,_xlfn.XLOOKUP("SBLI-Modified",Key!$B$1:$U$1,Key!$B$2:$U$2,0),_xlpm.mf,_xlfn.XLOOKUP("SBLI-Modified",Key!$B$1:$U$1,Key!$B$3:$U$3,0),IF(_xlpm.mf>0,(_xlpm.base+_xlpm.fee)*_xlpm.mf,(_xlpm.base+_xlpm.fee)/12)),"")} | AJ14: {=IFERROR(_xlfn.LET(_xlpm.rate,INDEX(CICA!$B$2:$C$42,MATCH($AE14,CICA!$A$2:$A$42,0),IF(LOWER(TRIM($F14))="male",1,2)),_xlpm.coverage,VALUE(SUBSTITUTE(SUBSTITUTE($S14,"$",""),",","")),_xlpm.base,_xlpm.rate*(_xlpm.coverage/1000),_xlpm.fee,_xlfn.XLOOKUP("CICA",Key!$B$1:$U$1,Key!$B$2:$U$2,0),_xlpm.mf,_xlfn.XLOOKUP("CICA",Key!$B$1:$U$1,Key!$B$3:$U$3,0),IF(_xlpm.mf>0,(_xlpm.base+_xlpm.fee)*_xlpm.mf,(_xlpm.base+_xlpm.fee)/12)),"")} | AK14: {=IFERROR(_xlfn.LET(_xlpm.rate,INDEX('CICA-GI'!$B$2:$C$47,MATCH($AE14,'CICA-GI'!$A$2:$A$47,0),IF(LOWER(TRIM($F14))="male",1,2)),_xlpm.coverage,VALUE(SUBSTITUTE(SUBSTITUTE($S14,"$",""),",","")),_xlpm.base,_xlpm.rate*(_xlpm.coverage/1000),_xlpm.fee,_xlfn.XLOOKUP("CICA-GI",Key!$B$1:$U$1,Key!$B$2:$U$2,0),_xlpm.mf,_xlfn.XLOOKUP("CICA-GI",Key!$B$1:$U$1,Key!$B$3:$U$3,0),IF(_xlpm.mf>0,(_xlpm.base+_xlpm.fee)*_xlpm.mf,(_xlpm.base+_xlpm.fee)/12)),"")} | AL14: {=IFERROR(_xlfn.LET(_xlpm.rate,INDEX(gtl!$B$2:$C$52,MATCH($AE14,gtl!$A$2:$A$52,0),IF(LOWER(TRIM($F14))="male",1,2)),_xlpm.coverage,VALUE(SUBSTITUTE(SUBSTITUTE($S14,"$",""),",","")),_xlpm.base,_xlpm.rate*(_xlpm.coverage/1000),_xlpm.fee,_xlfn.XLOOKUP("gtl",Key!$B$1:$U$1,Key!$B$2:$U$2,0),_xlpm.mf,_xlfn.XLOOKUP("gtl",Key!$B$1:$U$1,Key!$B$3:$U$3,0),IF(_xlpm.mf>0,(_xlpm.base+_xlpm.fee)*_xlpm.mf,(_xlpm.base+_xlpm.fee)/12)),"")} | AM14: {=IFERROR(_xlfn.LET(_xlpm.rate,INDEX(TransAmerica!$B$2:$E$69,MATCH($AE14,TransAmerica!$A$2:$A$69,0),IF(LOWER(TRIM($F14))="male",IF(LOWER(TRIM($K14))="yes",2,1),IF(LOWER(TRIM($K14))="yes",4,3))),_xlpm.coverage,VALUE(SUBSTITUTE(SUBSTITUTE($S14,"$",""),",","")),_xlpm.base,_xlpm.rate*(_xlpm.coverage/1000),_xlpm.fee,_xlfn.XLOOKUP("TransAmerica",Key!$B$1:$U$1,Key!$B$2:$U$2,0),_xlpm.mf,_xlfn.XLOOKUP("TransAmerica",Key!$B$1:$U$1,Key!$B$3:$U$3,0),IF(_xlpm.mf>0,(_xlpm.base+_xlpm.fee)*_xlpm.mf,(_xlpm.base+_xlpm.fee)/12)),"")} | AN14: {=IFERROR(_xlfn.LET(_xlpm.rate,INDEX('TransAmerica Graded'!$B$2:$E$64,MATCH($AE14,'TransAmerica Graded'!$A$2:$A$64,0),IF(LOWER(TRIM($F14))="male",IF(LOWER(TRIM($K14))="yes",2,1),IF(LOWER(TRIM($K14))="yes",4,3))),_xlpm.coverage,VALUE(SUBSTITUTE(SUBSTITUTE($S14,"$",""),",","")),_xlpm.base,_xlpm.rate*(_xlpm.coverage/1000),_xlpm.fee,_xlfn.XLOOKUP("TransAmerica Graded",Key!$B$1:$U$1,Key!$B$2:$U$2,0),_xlpm.mf,_xlfn.XLOOKUP("TransAmerica Graded",Key!$B$1:$U$1,Key!$B$3:$U$3,0),IF(_xlpm.mf>0,(_xlpm.base+_xlpm.fee)*_xlpm.mf,(_xlpm.base+_xlpm.fee)/12)),"")} | AO14: {=IFERROR(_xlfn.LET(_xlpm.rate,INDEX(Corebridge!$B$2:$C$32,MATCH($AE14,Corebridge!$A$2:$A$32,0),IF(LOWER(TRIM($F14))="male",1,2)),_xlpm.coverage,VALUE(SUBSTITUTE(SUBSTITUTE($S14,"$",""),",","")),_xlpm.base,_xlpm.rate*(_xlpm.coverage/1000),_xlpm.fee,_xlfn.XLOOKUP("Corebridge",Key!$B$1:$U$1,Key!$B$2:$U$2,0),_xlpm.mf,_xlfn.XLOOKUP("Corebridge",Key!$B$1:$U$1,Key!$B$3:$U$3,0),IF(_xlpm.mf>0,(_xlpm.base+_xlpm.fee)*_xlpm.mf,(_xlpm.base+_xlpm.fee)/12)),"")} | AP14: {=IFERROR(_xlfn.LET(_xlpm.rate,INDEX(amam!$B$2:$E$37,MATCH($AE14,amam!$A$2:$A$37,0),IF(LOWER(TRIM($F14))="male",IF(LOWER(TRIM($K14))="yes",2,1),IF(LOWER(TRIM($K14))="yes",4,3))),_xlpm.coverage,VALUE(SUBSTITUTE(SUBSTITUTE($S14,"$",""),",","")),_xlpm.base,_xlpm.rate*(_xlpm.coverage/1000),_xlpm.fee,_xlfn.XLOOKUP("amam",Key!$B$1:$U$1,Key!$B$2:$U$2,0),_xlpm.mf,_xlfn.XLOOKUP("amam",Key!$B$1:$U$1,Key!$B$3:$U$3,0),IF(_xlpm.mf>0,(_xlpm.base+_xlpm.fee)*_xlpm.mf,(_xlpm.base+_xlpm.fee)/12)),"")} | AQ14: {=IFERROR(_xlfn.LET(_xlpm.rate,INDEX('amam-graded'!$B$2:$E$37,MATCH($AE14,'amam-graded'!$A$2:$A$37,0),IF(LOWER(TRIM($F14))="male",IF(LOWER(TRIM($K14))="yes",2,1),IF(LOWER(TRIM($K14))="yes",4,3))),_xlpm.coverage,VALUE(SUBSTITUTE(SUBSTITUTE($S14,"$",""),",","")),_xlpm.base,_xlpm.rate*(_xlpm.coverage/1000),_xlpm.fee,_xlfn.XLOOKUP("amam-graded",Key!$B$1:$U$1,Key!$B$2:$U$2,0),_xlpm.mf,_xlfn.XLOOKUP("amam-graded",Key!$B$1:$U$1,Key!$B$3:$U$3,0),IF(_xlpm.mf>0,(_xlpm.base+_xlpm.fee)*_xlpm.mf,(_xlpm.base+_xlpm.fee)/12)),"")} | AR14: {=IFERROR(_xlfn.LET(_xlpm.rate,INDEX('amam-return-or-premium'!$B$2:$E$37,MATCH($AE14,'amam-return-or-premium'!$A$2:$A$37,0),IF(LOWER(TRIM($F14))="male",IF(LOWER(TRIM($K14))="yes",2,1),IF(LOWER(TRIM($K14))="yes",4,3))),_xlpm.coverage,VALUE(SUBSTITUTE(SUBSTITUTE($S14,"$",""),",","")),_xlpm.base,_xlpm.rate*(_xlpm.coverage/1000),_xlpm.fee,_xlfn.XLOOKUP("amam-return-or-premium",Key!$B$1:$U$1,Key!$B$2:$U$2,0),_xlpm.mf,_xlfn.XLOOKUP("amam-return-or-premium",Key!$B$1:$U$1,Key!$B$3:$U$3,0),IF(_xlpm.mf>0,(_xlpm.base+_xlpm.fee)*_xlpm.mf,(_xlpm.base+_xlpm.fee)/12)),"")} | AS14: {=IFERROR(_xlfn.LET(_xlpm.rate,INDEX(AHL!$B$2:$E$37,MATCH($AE14,AHL!$A$2:$A$37,0),IF(LOWER(TRIM($F14))="male",IF(LOWER(TRIM($K14))="yes",2,1),IF(LOWER(TRIM($K14))="yes",4,3))),_xlpm.coverage,VALUE(SUBSTITUTE(SUBSTITUTE($S14,"$",""),",","")),_xlpm.base,_xlpm.rate*(_xlpm.coverage/1000),_xlpm.fee,_xlfn.XLOOKUP("AHL",Key!$B$1:$U$1,Key!$B$2:$U$2,0),_xlpm.mf,_xlfn.XLOOKUP("AHL",Key!$B$1:$U$1,Key!$B$3:$U$3,0),IF(_xlpm.mf>0,(_xlpm.base+_xlpm.fee)*_xlpm.mf,(_xlpm.base+_xlpm.fee)/12)),"")} | AT14: {=IFERROR(_xlfn.LET(_xlpm.rate,INDEX('AHL-Graded'!$B$2:$E$32,MATCH($AE14,'AHL-Graded'!$A$2:$A$32,0),IF(LOWER(TRIM($F14))="male",IF(LOWER(TRIM($K14))="yes",2,1),IF(LOWER(TRIM($K14))="yes",4,3))),_xlpm.coverage,VALUE(SUBSTITUTE(SUBSTITUTE($S14,"$",""),",","")),_xlpm.base,_xlpm.rate*(_xlpm.coverage/1000),_xlpm.fee,_xlfn.XLOOKUP("AHL-Graded",Key!$B$1:$U$1,Key!$B$2:$U$2,0),_xlpm.mf,_xlfn.XLOOKUP("AHL-Graded",Key!$B$1:$U$1,Key!$B$3:$U$3,0),IF(_xlpm.mf>0,(_xlpm.base+_xlpm.fee)*_xlpm.mf,(_xlpm.base+_xlpm.fee)/12)),"")} | AU14: {=IFERROR(_xlfn.LET(_xlpm.rate,INDEX('Royal Neighbors'!$B$2:$E$37,MATCH($AE14,'Royal Neighbors'!$A$2:$A$37,0),IF(LOWER(TRIM($F14))="male",IF(LOWER(TRIM($K14))="yes",2,1),IF(LOWER(TRIM($K14))="yes",4,3))),_xlpm.coverage,VALUE(SUBSTITUTE(SUBSTITUTE($S14,"$",""),",","")),_xlpm.base,_xlpm.rate*(_xlpm.coverage/1000),_xlpm.fee,_xlfn.XLOOKUP("Royal Neighbors",Key!$B$1:$U$1,Key!$B$2:$U$2,0),_xlpm.mf,_xlfn.XLOOKUP("Royal Neighbors",Key!$B$1:$U$1,Key!$B$3:$U$3,0),IF(_xlpm.mf>0,(_xlpm.base+_xlpm.fee)*_xlpm.mf,(_xlpm.base+_xlpm.fee)/12)),"")} | AV14: {=IFERROR(_xlfn.LET(_xlpm.rate,INDEX('Royal Neighbors-Graded'!$B$2:$E$37,MATCH($AE14,'Royal Neighbors-Graded'!$A$2:$A$37,0),IF(LOWER(TRIM($F14))="male",IF(LOWER(TRIM($K14))="yes",2,1),IF(LOWER(TRIM($K14))="yes",4,3))),_xlpm.coverage,VALUE(SUBSTITUTE(SUBSTITUTE($S14,"$",""),",","")),_xlpm.base,_xlpm.rate*(_xlpm.coverage/1000),_xlpm.fee,_xlfn.XLOOKUP("Royal Neighbors-Graded",Key!$B$1:$U$1,Key!$B$2:$U$2,0),_xlpm.mf,_xlfn.XLOOKUP("Royal Neighbors-Graded",Key!$B$1:$U$1,Key!$B$3:$U$3,0),IF(_xlpm.mf>0,(_xlpm.base+_xlpm.fee)*_xlpm.mf,(_xlpm.base+_xlpm.fee)/12)),"")} | AW14: {=IFERROR(_xlfn.LET(_xlpm.rate,INDEX('Gerber-GI'!$B$2:$C$32,MATCH($AE14,'Gerber-GI'!$A$2:$A$32,0),IF(LOWER(TRIM($F14))="male",1,2)),_xlpm.coverage,VALUE(SUBSTITUTE(SUBSTITUTE($S14,"$",""),",","")),_xlpm.base,_xlpm.rate*(_xlpm.coverage/1000),_xlpm.fee,_xlfn.XLOOKUP("Gerber-GI",Key!$B$1:$U$1,Key!$B$2:$U$2,0),_xlpm.mf,_xlfn.XLOOKUP("Gerber-GI",Key!$B$1:$U$1,Key!$B$3:$U$3,0),IF(_xlpm.mf>0,(_xlpm.base+_xlpm.fee)*_xlpm.mf,(_xlpm.base+_xlpm.fee)/12)),"")} | AX14: {=IFERROR(_xlfn.LET(_xlpm.rate,INDEX('Mutual of Omaha'!$B$2:$E$42,MATCH($AE14,'Mutual of Omaha'!$A$2:$A$42,0),IF(LOWER(TRIM($F14))="male",IF(LOWER(TRIM($K14))="yes",2,1),IF(LOWER(TRIM($K14))="yes",4,3))),_xlpm.coverage,VALUE(SUBSTITUTE(SUBSTITUTE($S14,"$",""),",","")),_xlpm.base,_xlpm.rate*(_xlpm.coverage/1000),_xlpm.fee,_xlfn.XLOOKUP("Mutal of Omaha",Key!$B$1:$U$1,Key!$B$2:$U$2,0),_xlpm.mf,_xlfn.XLOOKUP("Mutal of Omaha",Key!$B$1:$U$1,Key!$B$3:$U$3,0),IF(_xlpm.mf>0,(_xlpm.base+_xlpm.fee)*_xlpm.mf,(_xlpm.base+_xlpm.fee)/12)),"")} | AY14: {=IFERROR(_xlfn.LET(_xlpm.rate,INDEX('Mutual of Omaha-Graded'!$B$2:$E$37,MATCH($AE14,'Mutual of Omaha-Graded'!$A$2:$A$37,0),IF(LOWER(TRIM($F14))="male",IF(LOWER(TRIM($K14))="yes",2,1),IF(LOWER(TRIM($K14))="yes",4,3))),_xlpm.coverage,VALUE(SUBSTITUTE(SUBSTITUTE($S14,"$",""),",","")),_xlpm.base,_xlpm.rate*(_xlpm.coverage/1000),_xlpm.fee,_xlfn.XLOOKUP("Mutual of Omaha-Graded",Key!$B$1:$U$1,Key!$B$2:$U$2,0),_xlpm.mf,_xlfn.XLOOKUP("Mutual of Omaha-Graded",Key!$B$1:$U$1,Key!$B$3:$U$3,0),IF(_xlpm.mf>0,(_xlpm.base+_xlpm.fee)*_xlpm.mf,(_xlpm.base+_xlpm.fee)/12)),"")} | AZ14: =AP14 | BA14: =IFERROR(IF(AND(AP14>0,AP14<VALUE(SUBSTITUTE(SUBSTITUTE($T14,"$",""),",",""))),VALUE(SUBSTITUTE(SUBSTITUTE($T14,"$",""),",",""))-AP14,""),"") | BB14: =AL14 | BC14: =IFERROR(IF(AND(AL14>0,AL14<VALUE(SUBSTITUTE(SUBSTITUTE($T14,"$",""),",",""))),VALUE(SUBSTITUTE(SUBSTITUTE($T14,"$",""),",",""))-AL14,""),"") | BD14: {=IFERROR(_xlfn.LET(_xlpm.current,VALUE(SUBSTITUTE(SUBSTITUTE($T14,"$",""),",","")),_xlpm.quotes,AF14:AY14,_xlpm.lowest,_xlfn.MINIFS(_xlpm.quotes,_xlpm.quotes,"<"&_xlpm.current,_xlpm.quotes,">0"),IF(_xlpm.lowest="","",SUBSTITUTE(INDEX($AF$1:$AY$1,1,MATCH(_xlpm.lowest,_xlpm.quotes,0))," Monthly Quote",""))),"")} | BE14: {=IFERROR(_xlfn.LET(_xlpm.current,VALUE(SUBSTITUTE(SUBSTITUTE($T14,"$",""),",","")),_xlpm.quotes,AF14:AY14,_xlpm.lowest,_xlfn.MINIFS(_xlpm.quotes,_xlpm.quotes,"<"&_xlpm.current,_xlpm.quotes,">0"),IF(_xlpm.lowest="","",_xlpm.current-_xlpm.lowest)),"")}
A15: Idonia M | B15: Butler | C15: 9122361655 | D15: 83 | E15: 15513 | F15: Female | G15: 629 E 36th St Savannah, GA 31401 | H15: GA | I15: 5.3 | J15: 115 | K15: No | L15: NA | M15: Cremation | N15: James E Butler: 07/22/1972 | O15: Son | P15: NA | Q15: NA | R15: Royal Neighbour OF America | S15: 5000 | T15: 75.75 | U15: 45994 | V15: 46025 | W15: 692621996 | X15: Drive: 059530928 Exp: 06/21/2033 | Y15: WELLS FARGO BANK | Z15: 121000248 | AA15: 5465679776 | AB15: Blood Pressure , Cholestrol | AC15: Licinopril, Rouvastatin | AD15: Dr Lorraine McRae | AE15: 84 | AF15: {=IFERROR(_xlfn.LET(_xlpm.rate,INDEX(aflac!$B$2:$E$37,MATCH($AE15,aflac!$A$2:$A$37,0),IF(LOWER(TRIM($F15))="male",IF(LOWER(TRIM($K15))="yes",2,1),IF(LOWER(TRIM($K15))="yes",4,3))),_xlpm.coverage,VALUE(SUBSTITUTE(SUBSTITUTE($S15,"$",""),",","")),_xlpm.base,_xlpm.rate*(_xlpm.coverage/1000),_xlpm.fee,_xlfn.XLOOKUP("aflac",Key!$B$1:$U$1,Key!$B$2:$U$2,0),_xlpm.mf,_xlfn.XLOOKUP("aflac",Key!$B$1:$U$1,Key!$B$3:$U$3,0),IF(_xlpm.mf>0,(_xlpm.base+_xlpm.fee)*_xlpm.mf,(_xlpm.base+_xlpm.fee)/12)),"")} | AG15: {=IFERROR(_xlfn.LET(_xlpm.rate,INDEX('aflac-modified'!$B$2:$C$32,MATCH($AE15,'aflac-modified'!$A$2:$A$32,0),IF(LOWER(TRIM($F15))="male",1,2)),_xlpm.coverage,VALUE(SUBSTITUTE(SUBSTITUTE($S15,"$",""),",","")),_xlpm.base,_xlpm.rate*(_xlpm.coverage/1000),_xlpm.fee,_xlfn.XLOOKUP("aflac-modified",Key!$B$1:$U$1,Key!$B$2:$U$2,0),_xlpm.mf,_xlfn.XLOOKUP("aflac-modified",Key!$B$1:$U$1,Key!$B$3:$U$3,0),IF(_xlpm.mf>0,(_xlpm.base+_xlpm.fee)*_xlpm.mf,(_xlpm.base+_xlpm.fee)/12)),"")} | AH15: {=IFERROR(_xlfn.LET(_xlpm.rate,INDEX(SBLI!$B$2:$E$37,MATCH($AE15,SBLI!$A$2:$A$37,0),IF(LOWER(TRIM($F15))="male",IF(LOWER(TRIM($K15))="yes",2,1),IF(LOWER(TRIM($K15))="yes",4,3))),_xlpm.coverage,VALUE(SUBSTITUTE(SUBSTITUTE($S15,"$",""),",","")),_xlpm.base,_xlpm.rate*(_xlpm.coverage/1000),_xlpm.fee,_xlfn.XLOOKUP("SBLI",Key!$B$1:$U$1,Key!$B$2:$U$2,0),_xlpm.mf,_xlfn.XLOOKUP("SBLI",Key!$B$1:$U$1,Key!$B$3:$U$3,0),IF(_xlpm.mf>0,(_xlpm.base+_xlpm.fee)*_xlpm.mf,(_xlpm.base+_xlpm.fee)/12)),"")} | AI15: {=IFERROR(_xlfn.LET(_xlpm.rate,INDEX('SBLI-Modified'!$B$2:$E$27,MATCH($AE15,'SBLI-Modified'!$A$2:$A$27,0),IF(LOWER(TRIM($F15))="male",IF(LOWER(TRIM($K15))="yes",2,1),IF(LOWER(TRIM($K15))="yes",4,3))),_xlpm.coverage,VALUE(SUBSTITUTE(SUBSTITUTE($S15,"$",""),",","")),_xlpm.base,_xlpm.rate*(_xlpm.coverage/1000),_xlpm.fee,_xlfn.XLOOKUP("SBLI-Modified",Key!$B$1:$U$1,Key!$B$2:$U$2,0),_xlpm.mf,_xlfn.XLOOKUP("SBLI-Modified",Key!$B$1:$U$1,Key!$B$3:$U$3,0),IF(_xlpm.mf>0,(_xlpm.base+_xlpm.fee)*_xlpm.mf,(_xlpm.base+_xlpm.fee)/12)),"")} | AJ15: {=IFERROR(_xlfn.LET(_xlpm.rate,INDEX(CICA!$B$2:$C$42,MATCH($AE15,CICA!$A$2:$A$42,0),IF(LOWER(TRIM($F15))="male",1,2)),_xlpm.coverage,VALUE(SUBSTITUTE(SUBSTITUTE($S15,"$",""),",","")),_xlpm.base,_xlpm.rate*(_xlpm.coverage/1000),_xlpm.fee,_xlfn.XLOOKUP("CICA",Key!$B$1:$U$1,Key!$B$2:$U$2,0),_xlpm.mf,_xlfn.XLOOKUP("CICA",Key!$B$1:$U$1,Key!$B$3:$U$3,0),IF(_xlpm.mf>0,(_xlpm.base+_xlpm.fee)*_xlpm.mf,(_xlpm.base+_xlpm.fee)/12)),"")} | AK15: {=IFERROR(_xlfn.LET(_xlpm.rate,INDEX('CICA-GI'!$B$2:$C$47,MATCH($AE15,'CICA-GI'!$A$2:$A$47,0),IF(LOWER(TRIM($F15))="male",1,2)),_xlpm.coverage,VALUE(SUBSTITUTE(SUBSTITUTE($S15,"$",""),",","")),_xlpm.base,_xlpm.rate*(_xlpm.coverage/1000),_xlpm.fee,_xlfn.XLOOKUP("CICA-GI",Key!$B$1:$U$1,Key!$B$2:$U$2,0),_xlpm.mf,_xlfn.XLOOKUP("CICA-GI",Key!$B$1:$U$1,Key!$B$3:$U$3,0),IF(_xlpm.mf>0,(_xlpm.base+_xlpm.fee)*_xlpm.mf,(_xlpm.base+_xlpm.fee)/12)),"")} | AL15: {=IFERROR(_xlfn.LET(_xlpm.rate,INDEX(gtl!$B$2:$C$52,MATCH($AE15,gtl!$A$2:$A$52,0),IF(LOWER(TRIM($F15))="male",1,2)),_xlpm.coverage,VALUE(SUBSTITUTE(SUBSTITUTE($S15,"$",""),",","")),_xlpm.base,_xlpm.rate*(_xlpm.coverage/1000),_xlpm.fee,_xlfn.XLOOKUP("gtl",Key!$B$1:$U$1,Key!$B$2:$U$2,0),_xlpm.mf,_xlfn.XLOOKUP("gtl",Key!$B$1:$U$1,Key!$B$3:$U$3,0),IF(_xlpm.mf>0,(_xlpm.base+_xlpm.fee)*_xlpm.mf,(_xlpm.base+_xlpm.fee)/12)),"")} | AM15: {=IFERROR(_xlfn.LET(_xlpm.rate,INDEX(TransAmerica!$B$2:$E$69,MATCH($AE15,TransAmerica!$A$2:$A$69,0),IF(LOWER(TRIM($F15))="male",IF(LOWER(TRIM($K15))="yes",2,1),IF(LOWER(TRIM($K15))="yes",4,3))),_xlpm.coverage,VALUE(SUBSTITUTE(SUBSTITUTE($S15,"$",""),",","")),_xlpm.base,_xlpm.rate*(_xlpm.coverage/1000),_xlpm.fee,_xlfn.XLOOKUP("TransAmerica",Key!$B$1:$U$1,Key!$B$2:$U$2,0),_xlpm.mf,_xlfn.XLOOKUP("TransAmerica",Key!$B$1:$U$1,Key!$B$3:$U$3,0),IF(_xlpm.mf>0,(_xlpm.base+_xlpm.fee)*_xlpm.mf,(_xlpm.base+_xlpm.fee)/12)),"")} | AN15: {=IFERROR(_xlfn.LET(_xlpm.rate,INDEX('TransAmerica Graded'!$B$2:$E$64,MATCH($AE15,'TransAmerica Graded'!$A$2:$A$64,0),IF(LOWER(TRIM($F15))="male",IF(LOWER(TRIM($K15))="yes",2,1),IF(LOWER(TRIM($K15))="yes",4,3))),_xlpm.coverage,VALUE(SUBSTITUTE(SUBSTITUTE($S15,"$",""),",","")),_xlpm.base,_xlpm.rate*(_xlpm.coverage/1000),_xlpm.fee,_xlfn.XLOOKUP("TransAmerica Graded",Key!$B$1:$U$1,Key!$B$2:$U$2,0),_xlpm.mf,_xlfn.XLOOKUP("TransAmerica Graded",Key!$B$1:$U$1,Key!$B$3:$U$3,0),IF(_xlpm.mf>0,(_xlpm.base+_xlpm.fee)*_xlpm.mf,(_xlpm.base+_xlpm.fee)/12)),"")} | AO15: {=IFERROR(_xlfn.LET(_xlpm.rate,INDEX(Corebridge!$B$2:$C$32,MATCH($AE15,Corebridge!$A$2:$A$32,0),IF(LOWER(TRIM($F15))="male",1,2)),_xlpm.coverage,VALUE(SUBSTITUTE(SUBSTITUTE($S15,"$",""),",","")),_xlpm.base,_xlpm.rate*(_xlpm.coverage/1000),_xlpm.fee,_xlfn.XLOOKUP("Corebridge",Key!$B$1:$U$1,Key!$B$2:$U$2,0),_xlpm.mf,_xlfn.XLOOKUP("Corebridge",Key!$B$1:$U$1,Key!$B$3:$U$3,0),IF(_xlpm.mf>0,(_xlpm.base+_xlpm.fee)*_xlpm.mf,(_xlpm.base+_xlpm.fee)/12)),"")} | AP15: {=IFERROR(_xlfn.LET(_xlpm.rate,INDEX(amam!$B$2:$E$37,MATCH($AE15,amam!$A$2:$A$37,0),IF(LOWER(TRIM($F15))="male",IF(LOWER(TRIM($K15))="yes",2,1),IF(LOWER(TRIM($K15))="yes",4,3))),_xlpm.coverage,VALUE(SUBSTITUTE(SUBSTITUTE($S15,"$",""),",","")),_xlpm.base,_xlpm.rate*(_xlpm.coverage/1000),_xlpm.fee,_xlfn.XLOOKUP("amam",Key!$B$1:$U$1,Key!$B$2:$U$2,0),_xlpm.mf,_xlfn.XLOOKUP("amam",Key!$B$1:$U$1,Key!$B$3:$U$3,0),IF(_xlpm.mf>0,(_xlpm.base+_xlpm.fee)*_xlpm.mf,(_xlpm.base+_xlpm.fee)/12)),"")} | AQ15: {=IFERROR(_xlfn.LET(_xlpm.rate,INDEX('amam-graded'!$B$2:$E$37,MATCH($AE15,'amam-graded'!$A$2:$A$37,0),IF(LOWER(TRIM($F15))="male",IF(LOWER(TRIM($K15))="yes",2,1),IF(LOWER(TRIM($K15))="yes",4,3))),_xlpm.coverage,VALUE(SUBSTITUTE(SUBSTITUTE($S15,"$",""),",","")),_xlpm.base,_xlpm.rate*(_xlpm.coverage/1000),_xlpm.fee,_xlfn.XLOOKUP("amam-graded",Key!$B$1:$U$1,Key!$B$2:$U$2,0),_xlpm.mf,_xlfn.XLOOKUP("amam-graded",Key!$B$1:$U$1,Key!$B$3:$U$3,0),IF(_xlpm.mf>0,(_xlpm.base+_xlpm.fee)*_xlpm.mf,(_xlpm.base+_xlpm.fee)/12)),"")} | AR15: {=IFERROR(_xlfn.LET(_xlpm.rate,INDEX('amam-return-or-premium'!$B$2:$E$37,MATCH($AE15,'amam-return-or-premium'!$A$2:$A$37,0),IF(LOWER(TRIM($F15))="male",IF(LOWER(TRIM($K15))="yes",2,1),IF(LOWER(TRIM($K15))="yes",4,3))),_xlpm.coverage,VALUE(SUBSTITUTE(SUBSTITUTE($S15,"$",""),",","")),_xlpm.base,_xlpm.rate*(_xlpm.coverage/1000),_xlpm.fee,_xlfn.XLOOKUP("amam-return-or-premium",Key!$B$1:$U$1,Key!$B$2:$U$2,0),_xlpm.mf,_xlfn.XLOOKUP("amam-return-or-premium",Key!$B$1:$U$1,Key!$B$3:$U$3,0),IF(_xlpm.mf>0,(_xlpm.base+_xlpm.fee)*_xlpm.mf,(_xlpm.base+_xlpm.fee)/12)),"")} | AS15: {=IFERROR(_xlfn.LET(_xlpm.rate,INDEX(AHL!$B$2:$E$37,MATCH($AE15,AHL!$A$2:$A$37,0),IF(LOWER(TRIM($F15))="male",IF(LOWER(TRIM($K15))="yes",2,1),IF(LOWER(TRIM($K15))="yes",4,3))),_xlpm.coverage,VALUE(SUBSTITUTE(SUBSTITUTE($S15,"$",""),",","")),_xlpm.base,_xlpm.rate*(_xlpm.coverage/1000),_xlpm.fee,_xlfn.XLOOKUP("AHL",Key!$B$1:$U$1,Key!$B$2:$U$2,0),_xlpm.mf,_xlfn.XLOOKUP("AHL",Key!$B$1:$U$1,Key!$B$3:$U$3,0),IF(_xlpm.mf>0,(_xlpm.base+_xlpm.fee)*_xlpm.mf,(_xlpm.base+_xlpm.fee)/12)),"")} | AT15: {=IFERROR(_xlfn.LET(_xlpm.rate,INDEX('AHL-Graded'!$B$2:$E$32,MATCH($AE15,'AHL-Graded'!$A$2:$A$32,0),IF(LOWER(TRIM($F15))="male",IF(LOWER(TRIM($K15))="yes",2,1),IF(LOWER(TRIM($K15))="yes",4,3))),_xlpm.coverage,VALUE(SUBSTITUTE(SUBSTITUTE($S15,"$",""),",","")),_xlpm.base,_xlpm.rate*(_xlpm.coverage/1000),_xlpm.fee,_xlfn.XLOOKUP("AHL-Graded",Key!$B$1:$U$1,Key!$B$2:$U$2,0),_xlpm.mf,_xlfn.XLOOKUP("AHL-Graded",Key!$B$1:$U$1,Key!$B$3:$U$3,0),IF(_xlpm.mf>0,(_xlpm.base+_xlpm.fee)*_xlpm.mf,(_xlpm.base+_xlpm.fee)/12)),"")} | AU15: {=IFERROR(_xlfn.LET(_xlpm.rate,INDEX('Royal Neighbors'!$B$2:$E$37,MATCH($AE15,'Royal Neighbors'!$A$2:$A$37,0),IF(LOWER(TRIM($F15))="male",IF(LOWER(TRIM($K15))="yes",2,1),IF(LOWER(TRIM($K15))="yes",4,3))),_xlpm.coverage,VALUE(SUBSTITUTE(SUBSTITUTE($S15,"$",""),",","")),_xlpm.base,_xlpm.rate*(_xlpm.coverage/1000),_xlpm.fee,_xlfn.XLOOKUP("Royal Neighbors",Key!$B$1:$U$1,Key!$B$2:$U$2,0),_xlpm.mf,_xlfn.XLOOKUP("Royal Neighbors",Key!$B$1:$U$1,Key!$B$3:$U$3,0),IF(_xlpm.mf>0,(_xlpm.base+_xlpm.fee)*_xlpm.mf,(_xlpm.base+_xlpm.fee)/12)),"")} | AV15: {=IFERROR(_xlfn.LET(_xlpm.rate,INDEX('Royal Neighbors-Graded'!$B$2:$E$37,MATCH($AE15,'Royal Neighbors-Graded'!$A$2:$A$37,0),IF(LOWER(TRIM($F15))="male",IF(LOWER(TRIM($K15))="yes",2,1),IF(LOWER(TRIM($K15))="yes",4,3))),_xlpm.coverage,VALUE(SUBSTITUTE(SUBSTITUTE($S15,"$",""),",","")),_xlpm.base,_xlpm.rate*(_xlpm.coverage/1000),_xlpm.fee,_xlfn.XLOOKUP("Royal Neighbors-Graded",Key!$B$1:$U$1,Key!$B$2:$U$2,0),_xlpm.mf,_xlfn.XLOOKUP("Royal Neighbors-Graded",Key!$B$1:$U$1,Key!$B$3:$U$3,0),IF(_xlpm.mf>0,(_xlpm.base+_xlpm.fee)*_xlpm.mf,(_xlpm.base+_xlpm.fee)/12)),"")} | AW15: {=IFERROR(_xlfn.LET(_xlpm.rate,INDEX('Gerber-GI'!$B$2:$C$32,MATCH($AE15,'Gerber-GI'!$A$2:$A$32,0),IF(LOWER(TRIM($F15))="male",1,2)),_xlpm.coverage,VALUE(SUBSTITUTE(SUBSTITUTE($S15,"$",""),",","")),_xlpm.base,_xlpm.rate*(_xlpm.coverage/1000),_xlpm.fee,_xlfn.XLOOKUP("Gerber-GI",Key!$B$1:$U$1,Key!$B$2:$U$2,0),_xlpm.mf,_xlfn.XLOOKUP("Gerber-GI",Key!$B$1:$U$1,Key!$B$3:$U$3,0),IF(_xlpm.mf>0,(_xlpm.base+_xlpm.fee)*_xlpm.mf,(_xlpm.base+_xlpm.fee)/12)),"")} | AX15: {=IFERROR(_xlfn.LET(_xlpm.rate,INDEX('Mutual of Omaha'!$B$2:$E$42,MATCH($AE15,'Mutual of Omaha'!$A$2:$A$42,0),IF(LOWER(TRIM($F15))="male",IF(LOWER(TRIM($K15))="yes",2,1),IF(LOWER(TRIM($K15))="yes",4,3))),_xlpm.coverage,VALUE(SUBSTITUTE(SUBSTITUTE($S15,"$",""),",","")),_xlpm.base,_xlpm.rate*(_xlpm.coverage/1000),_xlpm.fee,_xlfn.XLOOKUP("Mutal of Omaha",Key!$B$1:$U$1,Key!$B$2:$U$2,0),_xlpm.mf,_xlfn.XLOOKUP("Mutal of Omaha",Key!$B$1:$U$1,Key!$B$3:$U$3,0),IF(_xlpm.mf>0,(_xlpm.base+_xlpm.fee)*_xlpm.mf,(_xlpm.base+_xlpm.fee)/12)),"")} | AY15: {=IFERROR(_xlfn.LET(_xlpm.rate,INDEX('Mutual of Omaha-Graded'!$B$2:$E$37,MATCH($AE15,'Mutual of Omaha-Graded'!$A$2:$A$37,0),IF(LOWER(TRIM($F15))="male",IF(LOWER(TRIM($K15))="yes",2,1),IF(LOWER(TRIM($K15))="yes",4,3))),_xlpm.coverage,VALUE(SUBSTITUTE(SUBSTITUTE($S15,"$",""),",","")),_xlpm.base,_xlpm.rate*(_xlpm.coverage/1000),_xlpm.fee,_xlfn.XLOOKUP("Mutual of Omaha-Graded",Key!$B$1:$U$1,Key!$B$2:$U$2,0),_xlpm.mf,_xlfn.XLOOKUP("Mutual of Omaha-Graded",Key!$B$1:$U$1,Key!$B$3:$U$3,0),IF(_xlpm.mf>0,(_xlpm.base+_xlpm.fee)*_xlpm.mf,(_xlpm.base+_xlpm.fee)/12)),"")} | AZ15: =AP15 | BA15: =IFERROR(IF(AND(AP15>0,AP15<VALUE(SUBSTITUTE(SUBSTITUTE($T15,"$",""),",",""))),VALUE(SUBSTITUTE(SUBSTITUTE($T15,"$",""),",",""))-AP15,""),"") | BB15: =AL15 | BC15: =IFERROR(IF(AND(AL15>0,AL15<VALUE(SUBSTITUTE(SUBSTITUTE($T15,"$",""),",",""))),VALUE(SUBSTITUTE(SUBSTITUTE($T15,"$",""),",",""))-AL15,""),"") | BD15: {=IFERROR(_xlfn.LET(_xlpm.current,VALUE(SUBSTITUTE(SUBSTITUTE($T15,"$",""),",","")),_xlpm.quotes,AF15:AY15,_xlpm.lowest,_xlfn.MINIFS(_xlpm.quotes,_xlpm.quotes,"<"&_xlpm.current,_xlpm.quotes,">0"),IF(_xlpm.lowest="","",SUBSTITUTE(INDEX($AF$1:$AY$1,1,MATCH(_xlpm.lowest,_xlpm.quotes,0))," Monthly Quote",""))),"")} | BE15: {=IFERROR(_xlfn.LET(_xlpm.current,VALUE(SUBSTITUTE(SUBSTITUTE($T15,"$",""),",","")),_xlpm.quotes,AF15:AY15,_xlpm.lowest,_xlfn.MINIFS(_xlpm.quotes,_xlpm.quotes,"<"&_xlpm.current,_xlpm.quotes,">0"),IF(_xlpm.lowest="","",_xlpm.current-_xlpm.lowest)),"")}
A16: Raymond A | B16: McNaulty | C16: 8022233886 | D16: 64 | E16: 22481 | F16: Male | G16: 266 Eagle Ledge Rd, Worcester, VT 05682 | H16: VT | I16: 5.8 | J16: 270 | K16: Yes | M16: Burial | N16: Marla Lowrey (11 20 1963) | O16: Cousin | R16: RNA Standard | S16: 6000 | T16: 56.25 | U16: 45994 | V16: 46025 | W16: 9586822 | X16: Nil | Y16: EastRise Credit Union | Z16: 211691127 | AA16: 104814776 | AB16: Pace Maker 2 years ago | AC16: Pace Maker, HBP | AD16: N/A | AE16: 64 | AF16: {=IFERROR(_xlfn.LET(_xlpm.rate,INDEX(aflac!$B$2:$E$37,MATCH($AE16,aflac!$A$2:$A$37,0),IF(LOWER(TRIM($F16))="male",IF(LOWER(TRIM($K16))="yes",2,1),IF(LOWER(TRIM($K16))="yes",4,3))),_xlpm.coverage,VALUE(SUBSTITUTE(SUBSTITUTE($S16,"$",""),",","")),_xlpm.base,_xlpm.rate*(_xlpm.coverage/1000),_xlpm.fee,_xlfn.XLOOKUP("aflac",Key!$B$1:$U$1,Key!$B$2:$U$2,0),_xlpm.mf,_xlfn.XLOOKUP("aflac",Key!$B$1:$U$1,Key!$B$3:$U$3,0),IF(_xlpm.mf>0,(_xlpm.base+_xlpm.fee)*_xlpm.mf,(_xlpm.base+_xlpm.fee)/12)),"")} | AG16: {=IFERROR(_xlfn.LET(_xlpm.rate,INDEX('aflac-modified'!$B$2:$C$32,MATCH($AE16,'aflac-modified'!$A$2:$A$32,0),IF(LOWER(TRIM($F16))="male",1,2)),_xlpm.coverage,VALUE(SUBSTITUTE(SUBSTITUTE($S16,"$",""),",","")),_xlpm.base,_xlpm.rate*(_xlpm.coverage/1000),_xlpm.fee,_xlfn.XLOOKUP("aflac-modified",Key!$B$1:$U$1,Key!$B$2:$U$2,0),_xlpm.mf,_xlfn.XLOOKUP("aflac-modified",Key!$B$1:$U$1,Key!$B$3:$U$3,0),IF(_xlpm.mf>0,(_xlpm.base+_xlpm.fee)*_xlpm.mf,(_xlpm.base+_xlpm.fee)/12)),"")} | AH16: {=IFERROR(_xlfn.LET(_xlpm.rate,INDEX(SBLI!$B$2:$E$37,MATCH($AE16,SBLI!$A$2:$A$37,0),IF(LOWER(TRIM($F16))="male",IF(LOWER(TRIM($K16))="yes",2,1),IF(LOWER(TRIM($K16))="yes",4,3))),_xlpm.coverage,VALUE(SUBSTITUTE(SUBSTITUTE($S16,"$",""),",","")),_xlpm.base,_xlpm.rate*(_xlpm.coverage/1000),_xlpm.fee,_xlfn.XLOOKUP("SBLI",Key!$B$1:$U$1,Key!$B$2:$U$2,0),_xlpm.mf,_xlfn.XLOOKUP("SBLI",Key!$B$1:$U$1,Key!$B$3:$U$3,0),IF(_xlpm.mf>0,(_xlpm.base+_xlpm.fee)*_xlpm.mf,(_xlpm.base+_xlpm.fee)/12)),"")} | AI16: {=IFERROR(_xlfn.LET(_xlpm.rate,INDEX('SBLI-Modified'!$B$2:$E$27,MATCH($AE16,'SBLI-Modified'!$A$2:$A$27,0),IF(LOWER(TRIM($F16))="male",IF(LOWER(TRIM($K16))="yes",2,1),IF(LOWER(TRIM($K16))="yes",4,3))),_xlpm.coverage,VALUE(SUBSTITUTE(SUBSTITUTE($S16,"$",""),",","")),_xlpm.base,_xlpm.rate*(_xlpm.coverage/1000),_xlpm.fee,_xlfn.XLOOKUP("SBLI-Modified",Key!$B$1:$U$1,Key!$B$2:$U$2,0),_xlpm.mf,_xlfn.XLOOKUP("SBLI-Modified",Key!$B$1:$U$1,Key!$B$3:$U$3,0),IF(_xlpm.mf>0,(_xlpm.base+_xlpm.fee)*_xlpm.mf,(_xlpm.base+_xlpm.fee)/12)),"")} | AJ16: {=IFERROR(_xlfn.LET(_xlpm.rate,INDEX(CICA!$B$2:$C$42,MATCH($AE16,CICA!$A$2:$A$42,0),IF(LOWER(TRIM($F16))="male",1,2)),_xlpm.coverage,VALUE(SUBSTITUTE(SUBSTITUTE($S16,"$",""),",","")),_xlpm.base,_xlpm.rate*(_xlpm.coverage/1000),_xlpm.fee,_xlfn.XLOOKUP("CICA",Key!$B$1:$U$1,Key!$B$2:$U$2,0),_xlpm.mf,_xlfn.XLOOKUP("CICA",Key!$B$1:$U$1,Key!$B$3:$U$3,0),IF(_xlpm.mf>0,(_xlpm.base+_xlpm.fee)*_xlpm.mf,(_xlpm.base+_xlpm.fee)/12)),"")} | AK16: {=IFERROR(_xlfn.LET(_xlpm.rate,INDEX('CICA-GI'!$B$2:$C$47,MATCH($AE16,'CICA-GI'!$A$2:$A$47,0),IF(LOWER(TRIM($F16))="male",1,2)),_xlpm.coverage,VALUE(SUBSTITUTE(SUBSTITUTE($S16,"$",""),",","")),_xlpm.base,_xlpm.rate*(_xlpm.coverage/1000),_xlpm.fee,_xlfn.XLOOKUP("CICA-GI",Key!$B$1:$U$1,Key!$B$2:$U$2,0),_xlpm.mf,_xlfn.XLOOKUP("CICA-GI",Key!$B$1:$U$1,Key!$B$3:$U$3,0),IF(_xlpm.mf>0,(_xlpm.base+_xlpm.fee)*_xlpm.mf,(_xlpm.base+_xlpm.fee)/12)),"")} | AL16: {=IFERROR(_xlfn.LET(_xlpm.rate,INDEX(gtl!$B$2:$C$52,MATCH($AE16,gtl!$A$2:$A$52,0),IF(LOWER(TRIM($F16))="male",1,2)),_xlpm.coverage,VALUE(SUBSTITUTE(SUBSTITUTE($S16,"$",""),",","")),_xlpm.base,_xlpm.rate*(_xlpm.coverage/1000),_xlpm.fee,_xlfn.XLOOKUP("gtl",Key!$B$1:$U$1,Key!$B$2:$U$2,0),_xlpm.mf,_xlfn.XLOOKUP("gtl",Key!$B$1:$U$1,Key!$B$3:$U$3,0),IF(_xlpm.mf>0,(_xlpm.base+_xlpm.fee)*_xlpm.mf,(_xlpm.base+_xlpm.fee)/12)),"")} | AM16: {=IFERROR(_xlfn.LET(_xlpm.rate,INDEX(TransAmerica!$B$2:$E$69,MATCH($AE16,TransAmerica!$A$2:$A$69,0),IF(LOWER(TRIM($F16))="male",IF(LOWER(TRIM($K16))="yes",2,1),IF(LOWER(TRIM($K16))="yes",4,3))),_xlpm.coverage,VALUE(SUBSTITUTE(SUBSTITUTE($S16,"$",""),",","")),_xlpm.base,_xlpm.rate*(_xlpm.coverage/1000),_xlpm.fee,_xlfn.XLOOKUP("TransAmerica",Key!$B$1:$U$1,Key!$B$2:$U$2,0),_xlpm.mf,_xlfn.XLOOKUP("TransAmerica",Key!$B$1:$U$1,Key!$B$3:$U$3,0),IF(_xlpm.mf>0,(_xlpm.base+_xlpm.fee)*_xlpm.mf,(_xlpm.base+_xlpm.fee)/12)),"")} | AN16: {=IFERROR(_xlfn.LET(_xlpm.rate,INDEX('TransAmerica Graded'!$B$2:$E$64,MATCH($AE16,'TransAmerica Graded'!$A$2:$A$64,0),IF(LOWER(TRIM($F16))="male",IF(LOWER(TRIM($K16))="yes",2,1),IF(LOWER(TRIM($K16))="yes",4,3))),_xlpm.coverage,VALUE(SUBSTITUTE(SUBSTITUTE($S16,"$",""),",","")),_xlpm.base,_xlpm.rate*(_xlpm.coverage/1000),_xlpm.fee,_xlfn.XLOOKUP("TransAmerica Graded",Key!$B$1:$U$1,Key!$B$2:$U$2,0),_xlpm.mf,_xlfn.XLOOKUP("TransAmerica Graded",Key!$B$1:$U$1,Key!$B$3:$U$3,0),IF(_xlpm.mf>0,(_xlpm.base+_xlpm.fee)*_xlpm.mf,(_xlpm.base+_xlpm.fee)/12)),"")} | AO16: {=IFERROR(_xlfn.LET(_xlpm.rate,INDEX(Corebridge!$B$2:$C$32,MATCH($AE16,Corebridge!$A$2:$A$32,0),IF(LOWER(TRIM($F16))="male",1,2)),_xlpm.coverage,VALUE(SUBSTITUTE(SUBSTITUTE($S16,"$",""),",","")),_xlpm.base,_xlpm.rate*(_xlpm.coverage/1000),_xlpm.fee,_xlfn.XLOOKUP("Corebridge",Key!$B$1:$U$1,Key!$B$2:$U$2,0),_xlpm.mf,_xlfn.XLOOKUP("Corebridge",Key!$B$1:$U$1,Key!$B$3:$U$3,0),IF(_xlpm.mf>0,(_xlpm.base+_xlpm.fee)*_xlpm.mf,(_xlpm.base+_xlpm.fee)/12)),"")} | AP16: {=IFERROR(_xlfn.LET(_xlpm.rate,INDEX(amam!$B$2:$E$37,MATCH($AE16,amam!$A$2:$A$37,0),IF(LOWER(TRIM($F16))="male",IF(LOWER(TRIM($K16))="yes",2,1),IF(LOWER(TRIM($K16))="yes",4,3))),_xlpm.coverage,VALUE(SUBSTITUTE(SUBSTITUTE($S16,"$",""),",","")),_xlpm.base,_xlpm.rate*(_xlpm.coverage/1000),_xlpm.fee,_xlfn.XLOOKUP("amam",Key!$B$1:$U$1,Key!$B$2:$U$2,0),_xlpm.mf,_xlfn.XLOOKUP("amam",Key!$B$1:$U$1,Key!$B$3:$U$3,0),IF(_xlpm.mf>0,(_xlpm.base+_xlpm.fee)*_xlpm.mf,(_xlpm.base+_xlpm.fee)/12)),"")} | AQ16: {=IFERROR(_xlfn.LET(_xlpm.rate,INDEX('amam-graded'!$B$2:$E$37,MATCH($AE16,'amam-graded'!$A$2:$A$37,0),IF(LOWER(TRIM($F16))="male",IF(LOWER(TRIM($K16))="yes",2,1),IF(LOWER(TRIM($K16))="yes",4,3))),_xlpm.coverage,VALUE(SUBSTITUTE(SUBSTITUTE($S16,"$",""),",","")),_xlpm.base,_xlpm.rate*(_xlpm.coverage/1000),_xlpm.fee,_xlfn.XLOOKUP("amam-graded",Key!$B$1:$U$1,Key!$B$2:$U$2,0),_xlpm.mf,_xlfn.XLOOKUP("amam-graded",Key!$B$1:$U$1,Key!$B$3:$U$3,0),IF(_xlpm.mf>0,(_xlpm.base+_xlpm.fee)*_xlpm.mf,(_xlpm.base+_xlpm.fee)/12)),"")} | AR16: {=IFERROR(_xlfn.LET(_xlpm.rate,INDEX('amam-return-or-premium'!$B$2:$E$37,MATCH($AE16,'amam-return-or-premium'!$A$2:$A$37,0),IF(LOWER(TRIM($F16))="male",IF(LOWER(TRIM($K16))="yes",2,1),IF(LOWER(TRIM($K16))="yes",4,3))),_xlpm.coverage,VALUE(SUBSTITUTE(SUBSTITUTE($S16,"$",""),",","")),_xlpm.base,_xlpm.rate*(_xlpm.coverage/1000),_xlpm.fee,_xlfn.XLOOKUP("amam-return-or-premium",Key!$B$1:$U$1,Key!$B$2:$U$2,0),_xlpm.mf,_xlfn.XLOOKUP("amam-return-or-premium",Key!$B$1:$U$1,Key!$B$3:$U$3,0),IF(_xlpm.mf>0,(_xlpm.base+_xlpm.fee)*_xlpm.mf,(_xlpm.base+_xlpm.fee)/12)),"")} | AS16: {=IFERROR(_xlfn.LET(_xlpm.rate,INDEX(AHL!$B$2:$E$37,MATCH($AE16,AHL!$A$2:$A$37,0),IF(LOWER(TRIM($F16))="male",IF(LOWER(TRIM($K16))="yes",2,1),IF(LOWER(TRIM($K16))="yes",4,3))),_xlpm.coverage,VALUE(SUBSTITUTE(SUBSTITUTE($S16,"$",""),",","")),_xlpm.base,_xlpm.rate*(_xlpm.coverage/1000),_xlpm.fee,_xlfn.XLOOKUP("AHL",Key!$B$1:$U$1,Key!$B$2:$U$2,0),_xlpm.mf,_xlfn.XLOOKUP("AHL",Key!$B$1:$U$1,Key!$B$3:$U$3,0),IF(_xlpm.mf>0,(_xlpm.base+_xlpm.fee)*_xlpm.mf,(_xlpm.base+_xlpm.fee)/12)),"")} | AT16: {=IFERROR(_xlfn.LET(_xlpm.rate,INDEX('AHL-Graded'!$B$2:$E$32,MATCH($AE16,'AHL-Graded'!$A$2:$A$32,0),IF(LOWER(TRIM($F16))="male",IF(LOWER(TRIM($K16))="yes",2,1),IF(LOWER(TRIM($K16))="yes",4,3))),_xlpm.coverage,VALUE(SUBSTITUTE(SUBSTITUTE($S16,"$",""),",","")),_xlpm.base,_xlpm.rate*(_xlpm.coverage/1000),_xlpm.fee,_xlfn.XLOOKUP("AHL-Graded",Key!$B$1:$U$1,Key!$B$2:$U$2,0),_xlpm.mf,_xlfn.XLOOKUP("AHL-Graded",Key!$B$1:$U$1,Key!$B$3:$U$3,0),IF(_xlpm.mf>0,(_xlpm.base+_xlpm.fee)*_xlpm.mf,(_xlpm.base+_xlpm.fee)/12)),"")} | AU16: {=IFERROR(_xlfn.LET(_xlpm.rate,INDEX('Royal Neighbors'!$B$2:$E$37,MATCH($AE16,'Royal Neighbors'!$A$2:$A$37,0),IF(LOWER(TRIM($F16))="male",IF(LOWER(TRIM($K16))="yes",2,1),IF(LOWER(TRIM($K16))="yes",4,3))),_xlpm.coverage,VALUE(SUBSTITUTE(SUBSTITUTE($S16,"$",""),",","")),_xlpm.base,_xlpm.rate*(_xlpm.coverage/1000),_xlpm.fee,_xlfn.XLOOKUP("Royal Neighbors",Key!$B$1:$U$1,Key!$B$2:$U$2,0),_xlpm.mf,_xlfn.XLOOKUP("Royal Neighbors",Key!$B$1:$U$1,Key!$B$3:$U$3,0),IF(_xlpm.mf>0,(_xlpm.base+_xlpm.fee)*_xlpm.mf,(_xlpm.base+_xlpm.fee)/12)),"")} | AV16: {=IFERROR(_xlfn.LET(_xlpm.rate,INDEX('Royal Neighbors-Graded'!$B$2:$E$37,MATCH($AE16,'Royal Neighbors-Graded'!$A$2:$A$37,0),IF(LOWER(TRIM($F16))="male",IF(LOWER(TRIM($K16))="yes",2,1),IF(LOWER(TRIM($K16))="yes",4,3))),_xlpm.coverage,VALUE(SUBSTITUTE(SUBSTITUTE($S16,"$",""),",","")),_xlpm.base,_xlpm.rate*(_xlpm.coverage/1000),_xlpm.fee,_xlfn.XLOOKUP("Royal Neighbors-Graded",Key!$B$1:$U$1,Key!$B$2:$U$2,0),_xlpm.mf,_xlfn.XLOOKUP("Royal Neighbors-Graded",Key!$B$1:$U$1,Key!$B$3:$U$3,0),IF(_xlpm.mf>0,(_xlpm.base+_xlpm.fee)*_xlpm.mf,(_xlpm.base+_xlpm.fee)/12)),"")} | AW16: {=IFERROR(_xlfn.LET(_xlpm.rate,INDEX('Gerber-GI'!$B$2:$C$32,MATCH($AE16,'Gerber-GI'!$A$2:$A$32,0),IF(LOWER(TRIM($F16))="male",1,2)),_xlpm.coverage,VALUE(SUBSTITUTE(SUBSTITUTE($S16,"$",""),",","")),_xlpm.base,_xlpm.rate*(_xlpm.coverage/1000),_xlpm.fee,_xlfn.XLOOKUP("Gerber-GI",Key!$B$1:$U$1,Key!$B$2:$U$2,0),_xlpm.mf,_xlfn.XLOOKUP("Gerber-GI",Key!$B$1:$U$1,Key!$B$3:$U$3,0),IF(_xlpm.mf>0,(_xlpm.base+_xlpm.fee)*_xlpm.mf,(_xlpm.base+_xlpm.fee)/12)),"")} | AX16: {=IFERROR(_xlfn.LET(_xlpm.rate,INDEX('Mutual of Omaha'!$B$2:$E$42,MATCH($AE16,'Mutual of Omaha'!$A$2:$A$42,0),IF(LOWER(TRIM($F16))="male",IF(LOWER(TRIM($K16))="yes",2,1),IF(LOWER(TRIM($K16))="yes",4,3))),_xlpm.coverage,VALUE(SUBSTITUTE(SUBSTITUTE($S16,"$",""),",","")),_xlpm.base,_xlpm.rate*(_xlpm.coverage/1000),_xlpm.fee,_xlfn.XLOOKUP("Mutal of Omaha",Key!$B$1:$U$1,Key!$B$2:$U$2,0),_xlpm.mf,_xlfn.XLOOKUP("Mutal of Omaha",Key!$B$1:$U$1,Key!$B$3:$U$3,0),IF(_xlpm.mf>0,(_xlpm.base+_xlpm.fee)*_xlpm.mf,(_xlpm.base+_xlpm.fee)/12)),"")} | AY16: {=IFERROR(_xlfn.LET(_xlpm.rate,INDEX('Mutual of Omaha-Graded'!$B$2:$E$37,MATCH($AE16,'Mutual of Omaha-Graded'!$A$2:$A$37,0),IF(LOWER(TRIM($F16))="male",IF(LOWER(TRIM($K16))="yes",2,1),IF(LOWER(TRIM($K16))="yes",4,3))),_xlpm.coverage,VALUE(SUBSTITUTE(SUBSTITUTE($S16,"$",""),",","")),_xlpm.base,_xlpm.rate*(_xlpm.coverage/1000),_xlpm.fee,_xlfn.XLOOKUP("Mutual of Omaha-Graded",Key!$B$1:$U$1,Key!$B$2:$U$2,0),_xlpm.mf,_xlfn.XLOOKUP("Mutual of Omaha-Graded",Key!$B$1:$U$1,Key!$B$3:$U$3,0),IF(_xlpm.mf>0,(_xlpm.base+_xlpm.fee)*_xlpm.mf,(_xlpm.base+_xlpm.fee)/12)),"")} | AZ16: =AP16 | BA16: =IFERROR(IF(AND(AP16>0,AP16<VALUE(SUBSTITUTE(SUBSTITUTE($T16,"$",""),",",""))),VALUE(SUBSTITUTE(SUBSTITUTE($T16,"$",""),",",""))-AP16,""),"") | BB16: =AL16 | BC16: =IFERROR(IF(AND(AL16>0,AL16<VALUE(SUBSTITUTE(SUBSTITUTE($T16,"$",""),",",""))),VALUE(SUBSTITUTE(SUBSTITUTE($T16,"$",""),",",""))-AL16,""),"") | BD16: {=IFERROR(_xlfn.LET(_xlpm.current,VALUE(SUBSTITUTE(SUBSTITUTE($T16,"$",""),",","")),_xlpm.quotes,AF16:AY16,_xlpm.lowest,_xlfn.MINIFS(_xlpm.quotes,_xlpm.quotes,"<"&_xlpm.current,_xlpm.quotes,">0"),IF(_xlpm.lowest="","",SUBSTITUTE(INDEX($AF$1:$AY$1,1,MATCH(_xlpm.lowest,_xlpm.quotes,0))," Monthly Quote",""))),"")} | BE16: {=IFERROR(_xlfn.LET(_xlpm.current,VALUE(SUBSTITUTE(SUBSTITUTE($T16,"$",""),",","")),_xlpm.quotes,AF16:AY16,_xlpm.lowest,_xlfn.MINIFS(_xlpm.quotes,_xlpm.quotes,"<"&_xlpm.current,_xlpm.quotes,">0"),IF(_xlpm.lowest="","",_xlpm.current-_xlpm.lowest)),"")}
A17: Rosetta M | B17: Valora | C17: 8564577132 | D17: 81 | E17: 16127 | F17: Female | G17: 58 Henry Ave Pittsgrove, NJ 08318 | H17: NJ | I17: 5ft | J17: 122lbs | K17: No | M17: Burial | N17: David Valora | O17: Son | R17: RNA Standard | S17: 5000 | T17: 67.2 | U17: 45994 | V17: 46025 | W17: 142345314 | X17: Nil | Y17: Rosetta M Valora | Z17: 211370545 | AA17: 8262861757 | AB17: No major health conditions | AC17: 5 medications | AD17: Nil | AE17: 82 | AF17: {=IFERROR(_xlfn.LET(_xlpm.rate,INDEX(aflac!$B$2:$E$37,MATCH($AE17,aflac!$A$2:$A$37,0),IF(LOWER(TRIM($F17))="male",IF(LOWER(TRIM($K17))="yes",2,1),IF(LOWER(TRIM($K17))="yes",4,3))),_xlpm.coverage,VALUE(SUBSTITUTE(SUBSTITUTE($S17,"$",""),",","")),_xlpm.base,_xlpm.rate*(_xlpm.coverage/1000),_xlpm.fee,_xlfn.XLOOKUP("aflac",Key!$B$1:$U$1,Key!$B$2:$U$2,0),_xlpm.mf,_xlfn.XLOOKUP("aflac",Key!$B$1:$U$1,Key!$B$3:$U$3,0),IF(_xlpm.mf>0,(_xlpm.base+_xlpm.fee)*_xlpm.mf,(_xlpm.base+_xlpm.fee)/12)),"")} | AG17: {=IFERROR(_xlfn.LET(_xlpm.rate,INDEX('aflac-modified'!$B$2:$C$32,MATCH($AE17,'aflac-modified'!$A$2:$A$32,0),IF(LOWER(TRIM($F17))="male",1,2)),_xlpm.coverage,VALUE(SUBSTITUTE(SUBSTITUTE($S17,"$",""),",","")),_xlpm.base,_xlpm.rate*(_xlpm.coverage/1000),_xlpm.fee,_xlfn.XLOOKUP("aflac-modified",Key!$B$1:$U$1,Key!$B$2:$U$2,0),_xlpm.mf,_xlfn.XLOOKUP("aflac-modified",Key!$B$1:$U$1,Key!$B$3:$U$3,0),IF(_xlpm.mf>0,(_xlpm.base+_xlpm.fee)*_xlpm.mf,(_xlpm.base+_xlpm.fee)/12)),"")} | AH17: {=IFERROR(_xlfn.LET(_xlpm.rate,INDEX(SBLI!$B$2:$E$37,MATCH($AE17,SBLI!$A$2:$A$37,0),IF(LOWER(TRIM($F17))="male",IF(LOWER(TRIM($K17))="yes",2,1),IF(LOWER(TRIM($K17))="yes",4,3))),_xlpm.coverage,VALUE(SUBSTITUTE(SUBSTITUTE($S17,"$",""),",","")),_xlpm.base,_xlpm.rate*(_xlpm.coverage/1000),_xlpm.fee,_xlfn.XLOOKUP("SBLI",Key!$B$1:$U$1,Key!$B$2:$U$2,0),_xlpm.mf,_xlfn.XLOOKUP("SBLI",Key!$B$1:$U$1,Key!$B$3:$U$3,0),IF(_xlpm.mf>0,(_xlpm.base+_xlpm.fee)*_xlpm.mf,(_xlpm.base+_xlpm.fee)/12)),"")} | AI17: {=IFERROR(_xlfn.LET(_xlpm.rate,INDEX('SBLI-Modified'!$B$2:$E$27,MATCH($AE17,'SBLI-Modified'!$A$2:$A$27,0),IF(LOWER(TRIM($F17))="male",IF(LOWER(TRIM($K17))="yes",2,1),IF(LOWER(TRIM($K17))="yes",4,3))),_xlpm.coverage,VALUE(SUBSTITUTE(SUBSTITUTE($S17,"$",""),",","")),_xlpm.base,_xlpm.rate*(_xlpm.coverage/1000),_xlpm.fee,_xlfn.XLOOKUP("SBLI-Modified",Key!$B$1:$U$1,Key!$B$2:$U$2,0),_xlpm.mf,_xlfn.XLOOKUP("SBLI-Modified",Key!$B$1:$U$1,Key!$B$3:$U$3,0),IF(_xlpm.mf>0,(_xlpm.base+_xlpm.fee)*_xlpm.mf,(_xlpm.base+_xlpm.fee)/12)),"")} | AJ17: {=IFERROR(_xlfn.LET(_xlpm.rate,INDEX(CICA!$B$2:$C$42,MATCH($AE17,CICA!$A$2:$A$42,0),IF(LOWER(TRIM($F17))="male",1,2)),_xlpm.coverage,VALUE(SUBSTITUTE(SUBSTITUTE($S17,"$",""),",","")),_xlpm.base,_xlpm.rate*(_xlpm.coverage/1000),_xlpm.fee,_xlfn.XLOOKUP("CICA",Key!$B$1:$U$1,Key!$B$2:$U$2,0),_xlpm.mf,_xlfn.XLOOKUP("CICA",Key!$B$1:$U$1,Key!$B$3:$U$3,0),IF(_xlpm.mf>0,(_xlpm.base+_xlpm.fee)*_xlpm.mf,(_xlpm.base+_xlpm.fee)/12)),"")} | AK17: {=IFERROR(_xlfn.LET(_xlpm.rate,INDEX('CICA-GI'!$B$2:$C$47,MATCH($AE17,'CICA-GI'!$A$2:$A$47,0),IF(LOWER(TRIM($F17))="male",1,2)),_xlpm.coverage,VALUE(SUBSTITUTE(SUBSTITUTE($S17,"$",""),",","")),_xlpm.base,_xlpm.rate*(_xlpm.coverage/1000),_xlpm.fee,_xlfn.XLOOKUP("CICA-GI",Key!$B$1:$U$1,Key!$B$2:$U$2,0),_xlpm.mf,_xlfn.XLOOKUP("CICA-GI",Key!$B$1:$U$1,Key!$B$3:$U$3,0),IF(_xlpm.mf>0,(_xlpm.base+_xlpm.fee)*_xlpm.mf,(_xlpm.base+_xlpm.fee)/12)),"")} | AL17: {=IFERROR(_xlfn.LET(_xlpm.rate,INDEX(gtl!$B$2:$C$52,MATCH($AE17,gtl!$A$2:$A$52,0),IF(LOWER(TRIM($F17))="male",1,2)),_xlpm.coverage,VALUE(SUBSTITUTE(SUBSTITUTE($S17,"$",""),",","")),_xlpm.base,_xlpm.rate*(_xlpm.coverage/1000),_xlpm.fee,_xlfn.XLOOKUP("gtl",Key!$B$1:$U$1,Key!$B$2:$U$2,0),_xlpm.mf,_xlfn.XLOOKUP("gtl",Key!$B$1:$U$1,Key!$B$3:$U$3,0),IF(_xlpm.mf>0,(_xlpm.base+_xlpm.fee)*_xlpm.mf,(_xlpm.base+_xlpm.fee)/12)),"")} | AM17: {=IFERROR(_xlfn.LET(_xlpm.rate,INDEX(TransAmerica!$B$2:$E$69,MATCH($AE17,TransAmerica!$A$2:$A$69,0),IF(LOWER(TRIM($F17))="male",IF(LOWER(TRIM($K17))="yes",2,1),IF(LOWER(TRIM($K17))="yes",4,3))),_xlpm.coverage,VALUE(SUBSTITUTE(SUBSTITUTE($S17,"$",""),",","")),_xlpm.base,_xlpm.rate*(_xlpm.coverage/1000),_xlpm.fee,_xlfn.XLOOKUP("TransAmerica",Key!$B$1:$U$1,Key!$B$2:$U$2,0),_xlpm.mf,_xlfn.XLOOKUP("TransAmerica",Key!$B$1:$U$1,Key!$B$3:$U$3,0),IF(_xlpm.mf>0,(_xlpm.base+_xlpm.fee)*_xlpm.mf,(_xlpm.base+_xlpm.fee)/12)),"")} | AN17: {=IFERROR(_xlfn.LET(_xlpm.rate,INDEX('TransAmerica Graded'!$B$2:$E$64,MATCH($AE17,'TransAmerica Graded'!$A$2:$A$64,0),IF(LOWER(TRIM($F17))="male",IF(LOWER(TRIM($K17))="yes",2,1),IF(LOWER(TRIM($K17))="yes",4,3))),_xlpm.coverage,VALUE(SUBSTITUTE(SUBSTITUTE($S17,"$",""),",","")),_xlpm.base,_xlpm.rate*(_xlpm.coverage/1000),_xlpm.fee,_xlfn.XLOOKUP("TransAmerica Graded",Key!$B$1:$U$1,Key!$B$2:$U$2,0),_xlpm.mf,_xlfn.XLOOKUP("TransAmerica Graded",Key!$B$1:$U$1,Key!$B$3:$U$3,0),IF(_xlpm.mf>0,(_xlpm.base+_xlpm.fee)*_xlpm.mf,(_xlpm.base+_xlpm.fee)/12)),"")} | AO17: {=IFERROR(_xlfn.LET(_xlpm.rate,INDEX(Corebridge!$B$2:$C$32,MATCH($AE17,Corebridge!$A$2:$A$32,0),IF(LOWER(TRIM($F17))="male",1,2)),_xlpm.coverage,VALUE(SUBSTITUTE(SUBSTITUTE($S17,"$",""),",","")),_xlpm.base,_xlpm.rate*(_xlpm.coverage/1000),_xlpm.fee,_xlfn.XLOOKUP("Corebridge",Key!$B$1:$U$1,Key!$B$2:$U$2,0),_xlpm.mf,_xlfn.XLOOKUP("Corebridge",Key!$B$1:$U$1,Key!$B$3:$U$3,0),IF(_xlpm.mf>0,(_xlpm.base+_xlpm.fee)*_xlpm.mf,(_xlpm.base+_xlpm.fee)/12)),"")} | AP17: {=IFERROR(_xlfn.LET(_xlpm.rate,INDEX(amam!$B$2:$E$37,MATCH($AE17,amam!$A$2:$A$37,0),IF(LOWER(TRIM($F17))="male",IF(LOWER(TRIM($K17))="yes",2,1),IF(LOWER(TRIM($K17))="yes",4,3))),_xlpm.coverage,VALUE(SUBSTITUTE(SUBSTITUTE($S17,"$",""),",","")),_xlpm.base,_xlpm.rate*(_xlpm.coverage/1000),_xlpm.fee,_xlfn.XLOOKUP("amam",Key!$B$1:$U$1,Key!$B$2:$U$2,0),_xlpm.mf,_xlfn.XLOOKUP("amam",Key!$B$1:$U$1,Key!$B$3:$U$3,0),IF(_xlpm.mf>0,(_xlpm.base+_xlpm.fee)*_xlpm.mf,(_xlpm.base+_xlpm.fee)/12)),"")} | AQ17: {=IFERROR(_xlfn.LET(_xlpm.rate,INDEX('amam-graded'!$B$2:$E$37,MATCH($AE17,'amam-graded'!$A$2:$A$37,0),IF(LOWER(TRIM($F17))="male",IF(LOWER(TRIM($K17))="yes",2,1),IF(LOWER(TRIM($K17))="yes",4,3))),_xlpm.coverage,VALUE(SUBSTITUTE(SUBSTITUTE($S17,"$",""),",","")),_xlpm.base,_xlpm.rate*(_xlpm.coverage/1000),_xlpm.fee,_xlfn.XLOOKUP("amam-graded",Key!$B$1:$U$1,Key!$B$2:$U$2,0),_xlpm.mf,_xlfn.XLOOKUP("amam-graded",Key!$B$1:$U$1,Key!$B$3:$U$3,0),IF(_xlpm.mf>0,(_xlpm.base+_xlpm.fee)*_xlpm.mf,(_xlpm.base+_xlpm.fee)/12)),"")} | AR17: {=IFERROR(_xlfn.LET(_xlpm.rate,INDEX('amam-return-or-premium'!$B$2:$E$37,MATCH($AE17,'amam-return-or-premium'!$A$2:$A$37,0),IF(LOWER(TRIM($F17))="male",IF(LOWER(TRIM($K17))="yes",2,1),IF(LOWER(TRIM($K17))="yes",4,3))),_xlpm.coverage,VALUE(SUBSTITUTE(SUBSTITUTE($S17,"$",""),",","")),_xlpm.base,_xlpm.rate*(_xlpm.coverage/1000),_xlpm.fee,_xlfn.XLOOKUP("amam-return-or-premium",Key!$B$1:$U$1,Key!$B$2:$U$2,0),_xlpm.mf,_xlfn.XLOOKUP("amam-return-or-premium",Key!$B$1:$U$1,Key!$B$3:$U$3,0),IF(_xlpm.mf>0,(_xlpm.base+_xlpm.fee)*_xlpm.mf,(_xlpm.base+_xlpm.fee)/12)),"")} | AS17: {=IFERROR(_xlfn.LET(_xlpm.rate,INDEX(AHL!$B$2:$E$37,MATCH($AE17,AHL!$A$2:$A$37,0),IF(LOWER(TRIM($F17))="male",IF(LOWER(TRIM($K17))="yes",2,1),IF(LOWER(TRIM($K17))="yes",4,3))),_xlpm.coverage,VALUE(SUBSTITUTE(SUBSTITUTE($S17,"$",""),",","")),_xlpm.base,_xlpm.rate*(_xlpm.coverage/1000),_xlpm.fee,_xlfn.XLOOKUP("AHL",Key!$B$1:$U$1,Key!$B$2:$U$2,0),_xlpm.mf,_xlfn.XLOOKUP("AHL",Key!$B$1:$U$1,Key!$B$3:$U$3,0),IF(_xlpm.mf>0,(_xlpm.base+_xlpm.fee)*_xlpm.mf,(_xlpm.base+_xlpm.fee)/12)),"")} | AT17: {=IFERROR(_xlfn.LET(_xlpm.rate,INDEX('AHL-Graded'!$B$2:$E$32,MATCH($AE17,'AHL-Graded'!$A$2:$A$32,0),IF(LOWER(TRIM($F17))="male",IF(LOWER(TRIM($K17))="yes",2,1),IF(LOWER(TRIM($K17))="yes",4,3))),_xlpm.coverage,VALUE(SUBSTITUTE(SUBSTITUTE($S17,"$",""),",","")),_xlpm.base,_xlpm.rate*(_xlpm.coverage/1000),_xlpm.fee,_xlfn.XLOOKUP("AHL-Graded",Key!$B$1:$U$1,Key!$B$2:$U$2,0),_xlpm.mf,_xlfn.XLOOKUP("AHL-Graded",Key!$B$1:$U$1,Key!$B$3:$U$3,0),IF(_xlpm.mf>0,(_xlpm.base+_xlpm.fee)*_xlpm.mf,(_xlpm.base+_xlpm.fee)/12)),"")} | AU17: {=IFERROR(_xlfn.LET(_xlpm.rate,INDEX('Royal Neighbors'!$B$2:$E$37,MATCH($AE17,'Royal Neighbors'!$A$2:$A$37,0),IF(LOWER(TRIM($F17))="male",IF(LOWER(TRIM($K17))="yes",2,1),IF(LOWER(TRIM($K17))="yes",4,3))),_xlpm.coverage,VALUE(SUBSTITUTE(SUBSTITUTE($S17,"$",""),",","")),_xlpm.base,_xlpm.rate*(_xlpm.coverage/1000),_xlpm.fee,_xlfn.XLOOKUP("Royal Neighbors",Key!$B$1:$U$1,Key!$B$2:$U$2,0),_xlpm.mf,_xlfn.XLOOKUP("Royal Neighbors",Key!$B$1:$U$1,Key!$B$3:$U$3,0),IF(_xlpm.mf>0,(_xlpm.base+_xlpm.fee)*_xlpm.mf,(_xlpm.base+_xlpm.fee)/12)),"")} | AV17: {=IFERROR(_xlfn.LET(_xlpm.rate,INDEX('Royal Neighbors-Graded'!$B$2:$E$37,MATCH($AE17,'Royal Neighbors-Graded'!$A$2:$A$37,0),IF(LOWER(TRIM($F17))="male",IF(LOWER(TRIM($K17))="yes",2,1),IF(LOWER(TRIM($K17))="yes",4,3))),_xlpm.coverage,VALUE(SUBSTITUTE(SUBSTITUTE($S17,"$",""),",","")),_xlpm.base,_xlpm.rate*(_xlpm.coverage/1000),_xlpm.fee,_xlfn.XLOOKUP("Royal Neighbors-Graded",Key!$B$1:$U$1,Key!$B$2:$U$2,0),_xlpm.mf,_xlfn.XLOOKUP("Royal Neighbors-Graded",Key!$B$1:$U$1,Key!$B$3:$U$3,0),IF(_xlpm.mf>0,(_xlpm.base+_xlpm.fee)*_xlpm.mf,(_xlpm.base+_xlpm.fee)/12)),"")} | AW17: {=IFERROR(_xlfn.LET(_xlpm.rate,INDEX('Gerber-GI'!$B$2:$C$32,MATCH($AE17,'Gerber-GI'!$A$2:$A$32,0),IF(LOWER(TRIM($F17))="male",1,2)),_xlpm.coverage,VALUE(SUBSTITUTE(SUBSTITUTE($S17,"$",""),",","")),_xlpm.base,_xlpm.rate*(_xlpm.coverage/1000),_xlpm.fee,_xlfn.XLOOKUP("Gerber-GI",Key!$B$1:$U$1,Key!$B$2:$U$2,0),_xlpm.mf,_xlfn.XLOOKUP("Gerber-GI",Key!$B$1:$U$1,Key!$B$3:$U$3,0),IF(_xlpm.mf>0,(_xlpm.base+_xlpm.fee)*_xlpm.mf,(_xlpm.base+_xlpm.fee)/12)),"")} | AX17: {=IFERROR(_xlfn.LET(_xlpm.rate,INDEX('Mutual of Omaha'!$B$2:$E$42,MATCH($AE17,'Mutual of Omaha'!$A$2:$A$42,0),IF(LOWER(TRIM($F17))="male",IF(LOWER(TRIM($K17))="yes",2,1),IF(LOWER(TRIM($K17))="yes",4,3))),_xlpm.coverage,VALUE(SUBSTITUTE(SUBSTITUTE($S17,"$",""),",","")),_xlpm.base,_xlpm.rate*(_xlpm.coverage/1000),_xlpm.fee,_xlfn.XLOOKUP("Mutal of Omaha",Key!$B$1:$U$1,Key!$B$2:$U$2,0),_xlpm.mf,_xlfn.XLOOKUP("Mutal of Omaha",Key!$B$1:$U$1,Key!$B$3:$U$3,0),IF(_xlpm.mf>0,(_xlpm.base+_xlpm.fee)*_xlpm.mf,(_xlpm.base+_xlpm.fee)/12)),"")} | AY17: {=IFERROR(_xlfn.LET(_xlpm.rate,INDEX('Mutual of Omaha-Graded'!$B$2:$E$37,MATCH($AE17,'Mutual of Omaha-Graded'!$A$2:$A$37,0),IF(LOWER(TRIM($F17))="male",IF(LOWER(TRIM($K17))="yes",2,1),IF(LOWER(TRIM($K17))="yes",4,3))),_xlpm.coverage,VALUE(SUBSTITUTE(SUBSTITUTE($S17,"$",""),",","")),_xlpm.base,_xlpm.rate*(_xlpm.coverage/1000),_xlpm.fee,_xlfn.XLOOKUP("Mutual of Omaha-Graded",Key!$B$1:$U$1,Key!$B$2:$U$2,0),_xlpm.mf,_xlfn.XLOOKUP("Mutual of Omaha-Graded",Key!$B$1:$U$1,Key!$B$3:$U$3,0),IF(_xlpm.mf>0,(_xlpm.base+_xlpm.fee)*_xlpm.mf,(_xlpm.base+_xlpm.fee)/12)),"")} | AZ17: =AP17 | BA17: =IFERROR(IF(AND(AP17>0,AP17<VALUE(SUBSTITUTE(SUBSTITUTE($T17,"$",""),",",""))),VALUE(SUBSTITUTE(SUBSTITUTE($T17,"$",""),",",""))-AP17,""),"") | BB17: =AL17 | BC17: =IFERROR(IF(AND(AL17>0,AL17<VALUE(SUBSTITUTE(SUBSTITUTE($T17,"$",""),",",""))),VALUE(SUBSTITUTE(SUBSTITUTE($T17,"$",""),",",""))-AL17,""),"") | BD17: {=IFERROR(_xlfn.LET(_xlpm.current,VALUE(SUBSTITUTE(SUBSTITUTE($T17,"$",""),",","")),_xlpm.quotes,AF17:AY17,_xlpm.lowest,_xlfn.MINIFS(_xlpm.quotes,_xlpm.quotes,"<"&_xlpm.current,_xlpm.quotes,">0"),IF(_xlpm.lowest="","",SUBSTITUTE(INDEX($AF$1:$AY$1,1,MATCH(_xlpm.lowest,_xlpm.quotes,0))," Monthly Quote",""))),"")} | BE17: {=IFERROR(_xlfn.LET(_xlpm.current,VALUE(SUBSTITUTE(SUBSTITUTE($T17,"$",""),",","")),_xlpm.quotes,AF17:AY17,_xlpm.lowest,_xlfn.MINIFS(_xlpm.quotes,_xlpm.quotes,"<"&_xlpm.current,_xlpm.quotes,">0"),IF(_xlpm.lowest="","",_xlpm.current-_xlpm.lowest)),"")}
A18: Edwin Remus | B18: Ramirez | C18: 9087646460 | D18: 76 | E18: 17736 | F18: M | G18: 133 7th Ave Apartment 2r Newark, NJ 07104 | H18: Puerto Rico | I18: 6.2 | J18: 182 | K18: Yes | M18: Burial | N18: Maria ROdriguez | O18: Daughter | R18: RNA (Stand) | S18: 5000 | T18: 95.1 | U18: 45994 | V18: 46025 | W18: 153384495 | X18: Nil | Y18: Popular Bank | Z18: 21502011 | AA18: 173283314 | AB18: No major health conditions | AC18: Preventive Prescriptions | AD18: N/A | AE18: 77 | AF18: {=IFERROR(_xlfn.LET(_xlpm.rate,INDEX(aflac!$B$2:$E$37,MATCH($AE18,aflac!$A$2:$A$37,0),IF(LOWER(TRIM($F18))="male",IF(LOWER(TRIM($K18))="yes",2,1),IF(LOWER(TRIM($K18))="yes",4,3))),_xlpm.coverage,VALUE(SUBSTITUTE(SUBSTITUTE($S18,"$",""),",","")),_xlpm.base,_xlpm.rate*(_xlpm.coverage/1000),_xlpm.fee,_xlfn.XLOOKUP("aflac",Key!$B$1:$U$1,Key!$B$2:$U$2,0),_xlpm.mf,_xlfn.XLOOKUP("aflac",Key!$B$1:$U$1,Key!$B$3:$U$3,0),IF(_xlpm.mf>0,(_xlpm.base+_xlpm.fee)*_xlpm.mf,(_xlpm.base+_xlpm.fee)/12)),"")} | AG18: {=IFERROR(_xlfn.LET(_xlpm.rate,INDEX('aflac-modified'!$B$2:$C$32,MATCH($AE18,'aflac-modified'!$A$2:$A$32,0),IF(LOWER(TRIM($F18))="male",1,2)),_xlpm.coverage,VALUE(SUBSTITUTE(SUBSTITUTE($S18,"$",""),",","")),_xlpm.base,_xlpm.rate*(_xlpm.coverage/1000),_xlpm.fee,_xlfn.XLOOKUP("aflac-modified",Key!$B$1:$U$1,Key!$B$2:$U$2,0),_xlpm.mf,_xlfn.XLOOKUP("aflac-modified",Key!$B$1:$U$1,Key!$B$3:$U$3,0),IF(_xlpm.mf>0,(_xlpm.base+_xlpm.fee)*_xlpm.mf,(_xlpm.base+_xlpm.fee)/12)),"")} | AH18: {=IFERROR(_xlfn.LET(_xlpm.rate,INDEX(SBLI!$B$2:$E$37,MATCH($AE18,SBLI!$A$2:$A$37,0),IF(LOWER(TRIM($F18))="male",IF(LOWER(TRIM($K18))="yes",2,1),IF(LOWER(TRIM($K18))="yes",4,3))),_xlpm.coverage,VALUE(SUBSTITUTE(SUBSTITUTE($S18,"$",""),",","")),_xlpm.base,_xlpm.rate*(_xlpm.coverage/1000),_xlpm.fee,_xlfn.XLOOKUP("SBLI",Key!$B$1:$U$1,Key!$B$2:$U$2,0),_xlpm.mf,_xlfn.XLOOKUP("SBLI",Key!$B$1:$U$1,Key!$B$3:$U$3,0),IF(_xlpm.mf>0,(_xlpm.base+_xlpm.fee)*_xlpm.mf,(_xlpm.base+_xlpm.fee)/12)),"")} | AI18: {=IFERROR(_xlfn.LET(_xlpm.rate,INDEX('SBLI-Modified'!$B$2:$E$27,MATCH($AE18,'SBLI-Modified'!$A$2:$A$27,0),IF(LOWER(TRIM($F18))="male",IF(LOWER(TRIM($K18))="yes",2,1),IF(LOWER(TRIM($K18))="yes",4,3))),_xlpm.coverage,VALUE(SUBSTITUTE(SUBSTITUTE($S18,"$",""),",","")),_xlpm.base,_xlpm.rate*(_xlpm.coverage/1000),_xlpm.fee,_xlfn.XLOOKUP("SBLI-Modified",Key!$B$1:$U$1,Key!$B$2:$U$2,0),_xlpm.mf,_xlfn.XLOOKUP("SBLI-Modified",Key!$B$1:$U$1,Key!$B$3:$U$3,0),IF(_xlpm.mf>0,(_xlpm.base+_xlpm.fee)*_xlpm.mf,(_xlpm.base+_xlpm.fee)/12)),"")} | AJ18: {=IFERROR(_xlfn.LET(_xlpm.rate,INDEX(CICA!$B$2:$C$42,MATCH($AE18,CICA!$A$2:$A$42,0),IF(LOWER(TRIM($F18))="male",1,2)),_xlpm.coverage,VALUE(SUBSTITUTE(SUBSTITUTE($S18,"$",""),",","")),_xlpm.base,_xlpm.rate*(_xlpm.coverage/1000),_xlpm.fee,_xlfn.XLOOKUP("CICA",Key!$B$1:$U$1,Key!$B$2:$U$2,0),_xlpm.mf,_xlfn.XLOOKUP("CICA",Key!$B$1:$U$1,Key!$B$3:$U$3,0),IF(_xlpm.mf>0,(_xlpm.base+_xlpm.fee)*_xlpm.mf,(_xlpm.base+_xlpm.fee)/12)),"")} | AK18: {=IFERROR(_xlfn.LET(_xlpm.rate,INDEX('CICA-GI'!$B$2:$C$47,MATCH($AE18,'CICA-GI'!$A$2:$A$47,0),IF(LOWER(TRIM($F18))="male",1,2)),_xlpm.coverage,VALUE(SUBSTITUTE(SUBSTITUTE($S18,"$",""),",","")),_xlpm.base,_xlpm.rate*(_xlpm.coverage/1000),_xlpm.fee,_xlfn.XLOOKUP("CICA-GI",Key!$B$1:$U$1,Key!$B$2:$U$2,0),_xlpm.mf,_xlfn.XLOOKUP("CICA-GI",Key!$B$1:$U$1,Key!$B$3:$U$3,0),IF(_xlpm.mf>0,(_xlpm.base+_xlpm.fee)*_xlpm.mf,(_xlpm.base+_xlpm.fee)/12)),"")} | AL18: {=IFERROR(_xlfn.LET(_xlpm.rate,INDEX(gtl!$B$2:$C$52,MATCH($AE18,gtl!$A$2:$A$52,0),IF(LOWER(TRIM($F18))="male",1,2)),_xlpm.coverage,VALUE(SUBSTITUTE(SUBSTITUTE($S18,"$",""),",","")),_xlpm.base,_xlpm.rate*(_xlpm.coverage/1000),_xlpm.fee,_xlfn.XLOOKUP("gtl",Key!$B$1:$U$1,Key!$B$2:$U$2,0),_xlpm.mf,_xlfn.XLOOKUP("gtl",Key!$B$1:$U$1,Key!$B$3:$U$3,0),IF(_xlpm.mf>0,(_xlpm.base+_xlpm.fee)*_xlpm.mf,(_xlpm.base+_xlpm.fee)/12)),"")} | AM18: {=IFERROR(_xlfn.LET(_xlpm.rate,INDEX(TransAmerica!$B$2:$E$69,MATCH($AE18,TransAmerica!$A$2:$A$69,0),IF(LOWER(TRIM($F18))="male",IF(LOWER(TRIM($K18))="yes",2,1),IF(LOWER(TRIM($K18))="yes",4,3))),_xlpm.coverage,VALUE(SUBSTITUTE(SUBSTITUTE($S18,"$",""),",","")),_xlpm.base,_xlpm.rate*(_xlpm.coverage/1000),_xlpm.fee,_xlfn.XLOOKUP("TransAmerica",Key!$B$1:$U$1,Key!$B$2:$U$2,0),_xlpm.mf,_xlfn.XLOOKUP("TransAmerica",Key!$B$1:$U$1,Key!$B$3:$U$3,0),IF(_xlpm.mf>0,(_xlpm.base+_xlpm.fee)*_xlpm.mf,(_xlpm.base+_xlpm.fee)/12)),"")} | AN18: {=IFERROR(_xlfn.LET(_xlpm.rate,INDEX('TransAmerica Graded'!$B$2:$E$64,MATCH($AE18,'TransAmerica Graded'!$A$2:$A$64,0),IF(LOWER(TRIM($F18))="male",IF(LOWER(TRIM($K18))="yes",2,1),IF(LOWER(TRIM($K18))="yes",4,3))),_xlpm.coverage,VALUE(SUBSTITUTE(SUBSTITUTE($S18,"$",""),",","")),_xlpm.base,_xlpm.rate*(_xlpm.coverage/1000),_xlpm.fee,_xlfn.XLOOKUP("TransAmerica Graded",Key!$B$1:$U$1,Key!$B$2:$U$2,0),_xlpm.mf,_xlfn.XLOOKUP("TransAmerica Graded",Key!$B$1:$U$1,Key!$B$3:$U$3,0),IF(_xlpm.mf>0,(_xlpm.base+_xlpm.fee)*_xlpm.mf,(_xlpm.base+_xlpm.fee)/12)),"")} | AO18: {=IFERROR(_xlfn.LET(_xlpm.rate,INDEX(Corebridge!$B$2:$C$32,MATCH($AE18,Corebridge!$A$2:$A$32,0),IF(LOWER(TRIM($F18))="male",1,2)),_xlpm.coverage,VALUE(SUBSTITUTE(SUBSTITUTE($S18,"$",""),",","")),_xlpm.base,_xlpm.rate*(_xlpm.coverage/1000),_xlpm.fee,_xlfn.XLOOKUP("Corebridge",Key!$B$1:$U$1,Key!$B$2:$U$2,0),_xlpm.mf,_xlfn.XLOOKUP("Corebridge",Key!$B$1:$U$1,Key!$B$3:$U$3,0),IF(_xlpm.mf>0,(_xlpm.base+_xlpm.fee)*_xlpm.mf,(_xlpm.base+_xlpm.fee)/12)),"")} | AP18: {=IFERROR(_xlfn.LET(_xlpm.rate,INDEX(amam!$B$2:$E$37,MATCH($AE18,amam!$A$2:$A$37,0),IF(LOWER(TRIM($F18))="male",IF(LOWER(TRIM($K18))="yes",2,1),IF(LOWER(TRIM($K18))="yes",4,3))),_xlpm.coverage,VALUE(SUBSTITUTE(SUBSTITUTE($S18,"$",""),",","")),_xlpm.base,_xlpm.rate*(_xlpm.coverage/1000),_xlpm.fee,_xlfn.XLOOKUP("amam",Key!$B$1:$U$1,Key!$B$2:$U$2,0),_xlpm.mf,_xlfn.XLOOKUP("amam",Key!$B$1:$U$1,Key!$B$3:$U$3,0),IF(_xlpm.mf>0,(_xlpm.base+_xlpm.fee)*_xlpm.mf,(_xlpm.base+_xlpm.fee)/12)),"")} | AQ18: {=IFERROR(_xlfn.LET(_xlpm.rate,INDEX('amam-graded'!$B$2:$E$37,MATCH($AE18,'amam-graded'!$A$2:$A$37,0),IF(LOWER(TRIM($F18))="male",IF(LOWER(TRIM($K18))="yes",2,1),IF(LOWER(TRIM($K18))="yes",4,3))),_xlpm.coverage,VALUE(SUBSTITUTE(SUBSTITUTE($S18,"$",""),",","")),_xlpm.base,_xlpm.rate*(_xlpm.coverage/1000),_xlpm.fee,_xlfn.XLOOKUP("amam-graded",Key!$B$1:$U$1,Key!$B$2:$U$2,0),_xlpm.mf,_xlfn.XLOOKUP("amam-graded",Key!$B$1:$U$1,Key!$B$3:$U$3,0),IF(_xlpm.mf>0,(_xlpm.base+_xlpm.fee)*_xlpm.mf,(_xlpm.base+_xlpm.fee)/12)),"")} | AR18: {=IFERROR(_xlfn.LET(_xlpm.rate,INDEX('amam-return-or-premium'!$B$2:$E$37,MATCH($AE18,'amam-return-or-premium'!$A$2:$A$37,0),IF(LOWER(TRIM($F18))="male",IF(LOWER(TRIM($K18))="yes",2,1),IF(LOWER(TRIM($K18))="yes",4,3))),_xlpm.coverage,VALUE(SUBSTITUTE(SUBSTITUTE($S18,"$",""),",","")),_xlpm.base,_xlpm.rate*(_xlpm.coverage/1000),_xlpm.fee,_xlfn.XLOOKUP("amam-return-or-premium",Key!$B$1:$U$1,Key!$B$2:$U$2,0),_xlpm.mf,_xlfn.XLOOKUP("amam-return-or-premium",Key!$B$1:$U$1,Key!$B$3:$U$3,0),IF(_xlpm.mf>0,(_xlpm.base+_xlpm.fee)*_xlpm.mf,(_xlpm.base+_xlpm.fee)/12)),"")} | AS18: {=IFERROR(_xlfn.LET(_xlpm.rate,INDEX(AHL!$B$2:$E$37,MATCH($AE18,AHL!$A$2:$A$37,0),IF(LOWER(TRIM($F18))="male",IF(LOWER(TRIM($K18))="yes",2,1),IF(LOWER(TRIM($K18))="yes",4,3))),_xlpm.coverage,VALUE(SUBSTITUTE(SUBSTITUTE($S18,"$",""),",","")),_xlpm.base,_xlpm.rate*(_xlpm.coverage/1000),_xlpm.fee,_xlfn.XLOOKUP("AHL",Key!$B$1:$U$1,Key!$B$2:$U$2,0),_xlpm.mf,_xlfn.XLOOKUP("AHL",Key!$B$1:$U$1,Key!$B$3:$U$3,0),IF(_xlpm.mf>0,(_xlpm.base+_xlpm.fee)*_xlpm.mf,(_xlpm.base+_xlpm.fee)/12)),"")} | AT18: {=IFERROR(_xlfn.LET(_xlpm.rate,INDEX('AHL-Graded'!$B$2:$E$32,MATCH($AE18,'AHL-Graded'!$A$2:$A$32,0),IF(LOWER(TRIM($F18))="male",IF(LOWER(TRIM($K18))="yes",2,1),IF(LOWER(TRIM($K18))="yes",4,3))),_xlpm.coverage,VALUE(SUBSTITUTE(SUBSTITUTE($S18,"$",""),",","")),_xlpm.base,_xlpm.rate*(_xlpm.coverage/1000),_xlpm.fee,_xlfn.XLOOKUP("AHL-Graded",Key!$B$1:$U$1,Key!$B$2:$U$2,0),_xlpm.mf,_xlfn.XLOOKUP("AHL-Graded",Key!$B$1:$U$1,Key!$B$3:$U$3,0),IF(_xlpm.mf>0,(_xlpm.base+_xlpm.fee)*_xlpm.mf,(_xlpm.base+_xlpm.fee)/12)),"")} | AU18: {=IFERROR(_xlfn.LET(_xlpm.rate,INDEX('Royal Neighbors'!$B$2:$E$37,MATCH($AE18,'Royal Neighbors'!$A$2:$A$37,0),IF(LOWER(TRIM($F18))="male",IF(LOWER(TRIM($K18))="yes",2,1),IF(LOWER(TRIM($K18))="yes",4,3))),_xlpm.coverage,VALUE(SUBSTITUTE(SUBSTITUTE($S18,"$",""),",","")),_xlpm.base,_xlpm.rate*(_xlpm.coverage/1000),_xlpm.fee,_xlfn.XLOOKUP("Royal Neighbors",Key!$B$1:$U$1,Key!$B$2:$U$2,0),_xlpm.mf,_xlfn.XLOOKUP("Royal Neighbors",Key!$B$1:$U$1,Key!$B$3:$U$3,0),IF(_xlpm.mf>0,(_xlpm.base+_xlpm.fee)*_xlpm.mf,(_xlpm.base+_xlpm.fee)/12)),"")} | AV18: {=IFERROR(_xlfn.LET(_xlpm.rate,INDEX('Royal Neighbors-Graded'!$B$2:$E$37,MATCH($AE18,'Royal Neighbors-Graded'!$A$2:$A$37,0),IF(LOWER(TRIM($F18))="male",IF(LOWER(TRIM($K18))="yes",2,1),IF(LOWER(TRIM($K18))="yes",4,3))),_xlpm.coverage,VALUE(SUBSTITUTE(SUBSTITUTE($S18,"$",""),",","")),_xlpm.base,_xlpm.rate*(_xlpm.coverage/1000),_xlpm.fee,_xlfn.XLOOKUP("Royal Neighbors-Graded",Key!$B$1:$U$1,Key!$B$2:$U$2,0),_xlpm.mf,_xlfn.XLOOKUP("Royal Neighbors-Graded",Key!$B$1:$U$1,Key!$B$3:$U$3,0),IF(_xlpm.mf>0,(_xlpm.base+_xlpm.fee)*_xlpm.mf,(_xlpm.base+_xlpm.fee)/12)),"")} | AW18: {=IFERROR(_xlfn.LET(_xlpm.rate,INDEX('Gerber-GI'!$B$2:$C$32,MATCH($AE18,'Gerber-GI'!$A$2:$A$32,0),IF(LOWER(TRIM($F18))="male",1,2)),_xlpm.coverage,VALUE(SUBSTITUTE(SUBSTITUTE($S18,"$",""),",","")),_xlpm.base,_xlpm.rate*(_xlpm.coverage/1000),_xlpm.fee,_xlfn.XLOOKUP("Gerber-GI",Key!$B$1:$U$1,Key!$B$2:$U$2,0),_xlpm.mf,_xlfn.XLOOKUP("Gerber-GI",Key!$B$1:$U$1,Key!$B$3:$U$3,0),IF(_xlpm.mf>0,(_xlpm.base+_xlpm.fee)*_xlpm.mf,(_xlpm.base+_xlpm.fee)/12)),"")} | AX18: {=IFERROR(_xlfn.LET(_xlpm.rate,INDEX('Mutual of Omaha'!$B$2:$E$42,MATCH($AE18,'Mutual of Omaha'!$A$2:$A$42,0),IF(LOWER(TRIM($F18))="male",IF(LOWER(TRIM($K18))="yes",2,1),IF(LOWER(TRIM($K18))="yes",4,3))),_xlpm.coverage,VALUE(SUBSTITUTE(SUBSTITUTE($S18,"$",""),",","")),_xlpm.base,_xlpm.rate*(_xlpm.coverage/1000),_xlpm.fee,_xlfn.XLOOKUP("Mutal of Omaha",Key!$B$1:$U$1,Key!$B$2:$U$2,0),_xlpm.mf,_xlfn.XLOOKUP("Mutal of Omaha",Key!$B$1:$U$1,Key!$B$3:$U$3,0),IF(_xlpm.mf>0,(_xlpm.base+_xlpm.fee)*_xlpm.mf,(_xlpm.base+_xlpm.fee)/12)),"")} | AY18: {=IFERROR(_xlfn.LET(_xlpm.rate,INDEX('Mutual of Omaha-Graded'!$B$2:$E$37,MATCH($AE18,'Mutual of Omaha-Graded'!$A$2:$A$37,0),IF(LOWER(TRIM($F18))="male",IF(LOWER(TRIM($K18))="yes",2,1),IF(LOWER(TRIM($K18))="yes",4,3))),_xlpm.coverage,VALUE(SUBSTITUTE(SUBSTITUTE($S18,"$",""),",","")),_xlpm.base,_xlpm.rate*(_xlpm.coverage/1000),_xlpm.fee,_xlfn.XLOOKUP("Mutual of Omaha-Graded",Key!$B$1:$U$1,Key!$B$2:$U$2,0),_xlpm.mf,_xlfn.XLOOKUP("Mutual of Omaha-Graded",Key!$B$1:$U$1,Key!$B$3:$U$3,0),IF(_xlpm.mf>0,(_xlpm.base+_xlpm.fee)*_xlpm.mf,(_xlpm.base+_xlpm.fee)/12)),"")} | AZ18: =AP18 | BA18: =IFERROR(IF(AND(AP18>0,AP18<VALUE(SUBSTITUTE(SUBSTITUTE($T18,"$",""),",",""))),VALUE(SUBSTITUTE(SUBSTITUTE($T18,"$",""),",",""))-AP18,""),"") | BB18: =AL18 | BC18: =IFERROR(IF(AND(AL18>0,AL18<VALUE(SUBSTITUTE(SUBSTITUTE($T18,"$",""),",",""))),VALUE(SUBSTITUTE(SUBSTITUTE($T18,"$",""),",",""))-AL18,""),"") | BD18: {=IFERROR(_xlfn.LET(_xlpm.current,VALUE(SUBSTITUTE(SUBSTITUTE($T18,"$",""),",","")),_xlpm.quotes,AF18:AY18,_xlpm.lowest,_xlfn.MINIFS(_xlpm.quotes,_xlpm.quotes,"<"&_xlpm.current,_xlpm.quotes,">0"),IF(_xlpm.lowest="","",SUBSTITUTE(INDEX($AF$1:$AY$1,1,MATCH(_xlpm.lowest,_xlpm.quotes,0))," Monthly Quote",""))),"")} | BE18: {=IFERROR(_xlfn.LET(_xlpm.current,VALUE(SUBSTITUTE(SUBSTITUTE($T18,"$",""),",","")),_xlpm.quotes,AF18:AY18,_xlpm.lowest,_xlfn.MINIFS(_xlpm.quotes,_xlpm.quotes,"<"&_xlpm.current,_xlpm.quotes,">0"),IF(_xlpm.lowest="","",_xlpm.current-_xlpm.lowest)),"")}
